timestamp,clinton_pp,clinton_po,clinton_nc,trump_pp,trump_po,trump_nc
2016-11-05 08:29:00 -0400,0.6412,0.6449,0.6458,0.3584,0.3547,0.3537
2016-11-05 08:03:00 -0400,0.6397,0.6471,0.6468,0.3598,0.3526,0.3529
2016-11-05 00:57:00 -0400,0.64085,0.64465,0.64495,0.35835,0.35475,0.3544
2016-11-04 23:08:00 -0400,0.64165,0.64525,0.6458,0.3579,0.35425,0.354
2016-11-04 22:08:00 -0400,0.6444,0.646,0.6463,0.35505,0.35365,0.3531
2016-11-04 20:32:00 -0400,0.6423,0.6492,0.6452,0.3572,0.3498,0.354
2016-11-04 19:56:00 -0400,0.6442,0.6485,0.6469,0.3553,0.3509,0.3524
2016-11-04 19:03:00 -0400,0.6443,0.6422,0.6451,0.3552,0.3575,0.3541
2016-11-04 18:25:00 -0400,0.6402,0.6419,0.6381,0.359,0.3578,0.3614
2016-11-04 17:38:00 -0400,0.6371,0.6386,0.6422,0.3627,0.3608,0.3574
2016-11-04 17:18:00 -0400,0.6424,0.643,0.6408,0.3566,0.3566,0.3584
2016-11-04 16:56:00 -0400,0.6474,0.6505,0.6477,0.3521,0.349,0.3517
2016-11-04 16:31:00 -0400,0.6468,0.6494,0.6533,0.3527,0.3498,0.3459
2016-11-04 15:58:00 -0400,0.6365,0.6426,0.6461,0.3633,0.3566,0.3535
2016-11-04 15:38:00 -0400,0.6406,0.6472,0.6468,0.3592,0.3524,0.3528
2016-11-04 15:18:00 -0400,0.6432,0.6523,0.6449,0.3564,0.3473,0.3545
2016-11-04 14:54:00 -0400,0.643,0.6487,0.6462,0.3568,0.351,0.3537
2016-11-04 14:19:00 -0400,0.6559,0.6515,0.6562,0.3437,0.3481,0.3434
2016-11-04 13:59:00 -0400,0.6581,0.664,0.6739,0.3408,0.3355,0.3256
2016-11-04 13:18:00 -0400,0.6778,0.6841,0.6856,0.322,0.3153,0.314
2016-11-04 12:52:00 -0400,0.6834,0.6863,0.6906,0.316,0.313,0.3089
2016-11-04 11:56:00 -0400,0.6797,0.6899,0.6825,0.32,0.3097,0.3168
2016-11-04 11:08:00 -0400,0.6724,0.6784,0.6808,0.3273,0.3208,0.3183
2016-11-04 10:48:00 -0400,0.6709,0.677,0.6828,0.3284,0.3226,0.3166
2016-11-04 08:58:00 -0400,0.6633,0.6648,0.6617,0.3363,0.3348,0.3372
2016-11-04 08:24:00 -0400,0.653,0.6601,0.6579,0.3467,0.339,0.3411
2016-11-04 07:40:00 -0400,0.6508,0.6634,0.66,0.349,0.336,0.3395
2016-11-04 07:21:00 -0400,0.6506,0.666,0.6564,0.3488,0.3334,0.3431
2016-11-03 23:31:00 -0400,0.6486,0.662,0.6547,0.35115,0.3376,0.3447
2016-11-03 20:03:00 -0400,0.6599,0.6692,0.6605,0.3396,0.3299,0.339
2016-11-03 19:43:00 -0400,0.6558,0.6652,0.6583,0.344,0.3345,0.3412
2016-11-03 18:17:00 -0400,0.6469,0.6595,0.6518,0.3526,0.3399,0.3478
2016-11-03 17:30:00 -0400,0.6519,0.6608,0.6541,0.3479,0.3385,0.3451
2016-11-03 16:54:00 -0400,0.6519,0.6566,0.6523,0.3476,0.3428,0.3471
2016-11-03 15:08:00 -0400,0.6442,0.647,0.6409,0.355,0.3525,0.3583
2016-11-03 14:38:00 -0400,0.6503,0.6575,0.6505,0.3493,0.3418,0.3486
2016-11-03 14:18:00 -0400,0.6533,0.656,0.6459,0.3462,0.3433,0.3533
2016-11-03 13:52:00 -0400,0.6528,0.6584,0.6492,0.3461,0.3412,0.3501
2016-11-03 13:32:00 -0400,0.6492,0.6588,0.6506,0.3501,0.3406,0.3488
2016-11-03 12:26:00 -0400,0.6485,0.6589,0.646,0.3505,0.3404,0.3534
2016-11-03 11:51:00 -0400,0.6442,0.6475,0.6386,0.3553,0.3516,0.3609
2016-11-03 11:17:00 -0400,0.6508,0.6564,0.6438,0.3486,0.3423,0.355
2016-11-03 10:07:00 -0400,0.6554,0.667,0.6521,0.3443,0.3324,0.3469
2016-11-03 09:14:00 -0400,0.6585,0.6687,0.6506,0.3405,0.3305,0.3482
2016-11-03 08:34:00 -0400,0.6571,0.6655,0.6526,0.3425,0.3342,0.3462
2016-11-03 08:11:00 -0400,0.659,0.6639,0.647,0.3403,0.3355,0.3522
2016-11-03 07:50:00 -0400,0.6574,0.6628,0.6462,0.3419,0.3367,0.3526
2016-11-03 01:39:00 -0400,0.6704,0.6763,0.6724,0.3289,0.323,0.3265
2016-11-02 21:31:00 -0400,0.66965,0.6771,0.6542,0.3294,0.32235,0.3449
2016-11-02 20:31:00 -0400,0.6674,0.6745,0.6594,0.3322,0.3248,0.3393
2016-11-02 19:04:00 -0400,0.6743,0.6758,0.6582,0.325,0.3234,0.3411
2016-11-02 18:44:00 -0400,0.6775,0.6895,0.6683,0.322,0.3092,0.3309
2016-11-02 17:30:00 -0400,0.6804,0.6882,0.6838,0.3182,0.3112,0.3151
2016-11-02 16:47:00 -0400,0.6836,0.692,0.6836,0.316,0.3074,0.3152
2016-11-02 16:15:00 -0400,0.6811,0.6894,0.6838,0.3182,0.31,0.3147
2016-11-02 15:45:00 -0400,0.6803,0.6932,0.6764,0.319,0.306,0.3225
2016-11-02 15:09:00 -0400,0.6821,0.6909,0.6754,0.3172,0.3087,0.3229
2016-11-02 14:25:00 -0400,0.6815,0.6888,0.6783,0.3181,0.3103,0.3206
2016-11-02 13:38:00 -0400,0.6774,0.6945,0.6775,0.3219,0.3048,0.3215
2016-11-02 13:02:00 -0400,0.6894,0.699,0.6819,0.3098,0.3,0.3175
2016-11-02 11:58:00 -0400,0.6893,0.7074,0.6966,0.31,0.2918,0.3023
2016-11-02 11:38:00 -0400,0.6936,0.7084,0.6981,0.3058,0.291,0.3009
2016-11-02 11:12:00 -0400,0.6947,0.7043,0.6934,0.3047,0.2956,0.3063
2016-11-02 10:49:00 -0400,0.6894,0.703,0.685,0.3098,0.2964,0.3139
2016-11-02 08:59:00 -0400,0.6815,0.6948,0.683,0.3176,0.3043,0.3165
2016-11-02 08:25:00 -0400,0.6842,0.6904,0.6759,0.3153,0.3089,0.3232
2016-11-02 07:47:00 -0400,0.6827,0.691,0.6795,0.3164,0.3079,0.3198
2016-11-01 23:07:00 -0400,0.69845,0.71175,0.6947,0.3008,0.2876,0.3045
2016-11-01 18:04:00 -0400,0.6966,0.7097,0.6963,0.3028,0.2895,0.3031
2016-11-01 17:44:00 -0400,0.6955,0.711,0.6944,0.3038,0.2877,0.3046
2016-11-01 17:01:00 -0400,0.6937,0.7118,0.6916,0.3057,0.2875,0.3074
2016-11-01 16:41:00 -0400,0.7011,0.7101,0.6965,0.2984,0.2893,0.3027
2016-11-01 15:10:00 -0400,0.6983,0.7205,0.7039,0.3006,0.2787,0.2952
2016-11-01 14:44:00 -0400,0.6992,0.7179,0.7025,0.3005,0.2818,0.2962
2016-11-01 13:41:00 -0400,0.7054,0.718,0.7039,0.2935,0.2815,0.2954
2016-11-01 13:21:00 -0400,0.7136,0.7286,0.7172,0.286,0.2709,0.2816
2016-11-01 11:31:00 -0400,0.7165,0.7327,0.7198,0.2829,0.267,0.2792
2016-11-01 10:52:00 -0400,0.7197,0.7383,0.7279,0.2798,0.2616,0.271
2016-11-01 09:27:00 -0400,0.7217,0.7433,0.7295,0.2778,0.2561,0.2698
2016-11-01 09:07:00 -0400,0.724,0.7406,0.7258,0.2748,0.2586,0.2732
2016-11-01 07:44:00 -0400,0.7442,0.7557,0.7479,0.255,0.2436,0.2515
2016-10-31 23:17:00 -0400,0.7311,0.7518,0.73595,0.26825,0.24765,0.263
2016-10-31 18:49:00 -0400,0.7357,0.7539,0.7349,0.2639,0.2457,0.2643
2016-10-31 16:35:00 -0400,0.7435,0.7557,0.7415,0.2553,0.2437,0.258
2016-10-31 16:15:00 -0400,0.7359,0.7547,0.7329,0.2632,0.2449,0.2658
2016-10-31 15:54:00 -0400,0.7415,0.7556,0.7397,0.2576,0.2437,0.2598
2016-10-31 14:11:00 -0400,0.7441,0.7607,0.7447,0.2552,0.2388,0.255
2016-10-31 13:26:00 -0400,0.7409,0.757,0.7413,0.2589,0.2423,0.2577
2016-10-31 12:33:00 -0400,0.7626,0.7778,0.767,0.2369,0.2216,0.2322
2016-10-31 11:23:00 -0400,0.7637,0.7808,0.7704,0.2356,0.2187,0.2286
2016-10-31 09:16:00 -0400,0.7582,0.773,0.757,0.2415,0.2265,0.2422
2016-10-30 14:42:00 -0400,0.7662,0.7894,0.7736,0.2331,0.2101,0.2255
2016-10-30 11:35:00 -0400,0.7708,0.785,0.781,0.2288,0.2143,0.2181
2016-10-30 11:16:00 -0400,0.769,0.7884,0.7791,0.2308,0.2112,0.22
2016-10-30 10:31:00 -0400,0.7685,0.7855,0.7766,0.2314,0.2138,0.2224
2016-10-29 21:06:00 -0400,0.78975,0.811,0.80375,0.2099,0.18865,0.19565
2016-10-29 16:30:00 -0400,0.789,0.81,0.8013,0.2108,0.1895,0.1979
2016-10-29 12:29:00 -0400,0.7842,0.8064,0.8001,0.2152,0.193,0.1993
2016-10-29 09:45:00 -0400,0.7843,0.8061,0.8007,0.2154,0.1936,0.1984
2016-10-28 20:24:00 -0400,0.7923,0.8142,0.8069,0.2071,0.1853,0.1926
2016-10-28 17:38:00 -0400,0.7908,0.8123,0.8075,0.2089,0.1871,0.1915
2016-10-28 17:03:00 -0400,0.7906,0.8198,0.8106,0.2088,0.1796,0.1887
2016-10-28 16:43:00 -0400,0.7909,0.8156,0.8091,0.2086,0.1837,0.19
2016-10-28 14:57:00 -0400,0.7905,0.8158,0.8119,0.2091,0.1836,0.1875
2016-10-28 13:52:00 -0400,0.7912,0.8106,0.8093,0.2081,0.1891,0.1896
2016-10-28 12:13:00 -0400,0.7949,0.8201,0.8119,0.2046,0.1794,0.1872
2016-10-28 11:54:00 -0400,0.7976,0.8203,0.8115,0.2016,0.1792,0.1873
2016-10-28 09:04:00 -0400,0.7912,0.8123,0.8017,0.2082,0.187,0.1978
2016-10-28 08:21:00 -0400,0.7893,0.8126,0.8038,0.2098,0.187,0.1957
2016-10-27 20:34:00 -0400,0.7997,0.8209,0.8143,0.1998,0.1788,0.185
2016-10-27 17:02:00 -0400,0.8098,0.8301,0.8216,0.1892,0.1696,0.1773
2016-10-27 16:18:00 -0400,0.8069,0.8258,0.8191,0.1925,0.1739,0.1802
2016-10-27 15:31:00 -0400,0.8081,0.8294,0.8306,0.191,0.1699,0.1686
2016-10-27 14:35:00 -0400,0.8172,0.8407,0.8355,0.1823,0.1586,0.1637
2016-10-27 13:54:00 -0400,0.8121,0.8383,0.8335,0.1871,0.1611,0.1656
2016-10-27 12:57:00 -0400,0.8213,0.842,0.8429,0.1782,0.1577,0.1564
2016-10-27 11:55:00 -0400,0.8223,0.8436,0.842,0.1771,0.156,0.1567
2016-10-27 11:33:00 -0400,0.8205,0.8425,0.8422,0.1786,0.1572,0.1573
2016-10-27 09:43:00 -0400,0.8242,0.8466,0.8423,0.175,0.1527,0.157
2016-10-27 08:51:00 -0400,0.831,0.8461,0.8499,0.1686,0.1532,0.1497
2016-10-27 01:58:00 -0400,0.8376,0.8565,0.8628,0.1618,0.1432,0.1366
2016-10-26 21:48:00 -0400,0.8323,0.85415,0.8592,0.1672,0.14545,0.1401
2016-10-26 18:45:00 -0400,0.8344,0.8542,0.8624,0.1645,0.1456,0.1371
2016-10-26 18:12:00 -0400,0.8385,0.8582,0.8659,0.161,0.1413,0.1335
2016-10-26 17:27:00 -0400,0.8367,0.8606,0.8722,0.163,0.1391,0.1273
2016-10-26 16:46:00 -0400,0.823,0.8436,0.8519,0.1764,0.1557,0.1473
2016-10-26 15:40:00 -0400,0.8252,0.8493,0.8525,0.1746,0.1505,0.1471
2016-10-26 14:32:00 -0400,0.8231,0.8505,0.8541,0.1766,0.1491,0.1453
2016-10-26 14:13:00 -0400,0.8213,0.842,0.8468,0.1782,0.1579,0.1526
2016-10-26 13:32:00 -0400,0.8168,0.8447,0.8474,0.1829,0.1546,0.1518
2016-10-26 11:29:00 -0400,0.8302,0.8468,0.8566,0.1693,0.1528,0.1424
2016-10-26 08:58:00 -0400,0.8218,0.8457,0.8525,0.1777,0.1541,0.1465
2016-10-26 08:39:00 -0400,0.8195,0.843,0.8505,0.18,0.1566,0.1489
2016-10-25 23:20:00 -0400,0.82635,0.85045,0.85635,0.17325,0.1491,0.143
2016-10-25 20:14:00 -0400,0.8271,0.8475,0.8573,0.1726,0.152,0.1423
2016-10-25 16:41:00 -0400,0.8298,0.8537,0.8607,0.1696,0.1462,0.1387
2016-10-25 16:09:00 -0400,0.8323,0.8538,0.8625,0.1672,0.1457,0.137
2016-10-25 15:15:00 -0400,0.8322,0.8553,0.8602,0.1674,0.1446,0.1393
2016-10-25 14:30:00 -0400,0.8287,0.8534,0.8578,0.1706,0.1462,0.142
2016-10-25 14:10:00 -0400,0.8323,0.8584,0.8608,0.1676,0.1414,0.139
2016-10-25 13:52:00 -0400,0.8372,0.8553,0.865,0.1624,0.1444,0.1347
2016-10-25 13:12:00 -0400,0.832,0.8591,0.8661,0.1674,0.1405,0.1331
2016-10-25 11:10:00 -0400,0.8301,0.8596,0.863,0.1695,0.1401,0.136
2016-10-25 10:16:00 -0400,0.8438,0.8645,0.8705,0.1559,0.1353,0.1286
2016-10-25 09:38:00 -0400,0.8398,0.8629,0.8656,0.1598,0.1364,0.1343
2016-10-25 09:12:00 -0400,0.8356,0.8608,0.8636,0.1639,0.1389,0.1358
2016-10-25 08:52:00 -0400,0.8342,0.8588,0.8617,0.1655,0.1409,0.1374
2016-10-24 23:07:00 -0400,0.83875,0.863,0.86705,0.16085,0.13675,0.1323
2016-10-24 18:59:00 -0400,0.84,0.861,0.8658,0.1598,0.1388,0.1331
2016-10-24 18:27:00 -0400,0.8297,0.8507,0.8533,0.17,0.1491,0.1459
2016-10-24 17:07:00 -0400,0.831,0.8536,0.8579,0.1686,0.1462,0.1415
2016-10-24 16:44:00 -0400,0.8308,0.8565,0.8544,0.1687,0.1431,0.1451
2016-10-24 14:28:00 -0400,0.8325,0.8519,0.8577,0.1672,0.1478,0.1417
2016-10-24 13:35:00 -0400,0.839,0.8645,0.8673,0.1609,0.1354,0.1324
2016-10-24 13:00:00 -0400,0.8398,0.8656,0.8668,0.1599,0.1342,0.133
2016-10-24 11:53:00 -0400,0.8414,0.8624,0.8654,0.1583,0.1375,0.1342
2016-10-24 09:18:00 -0400,0.8403,0.8622,0.8656,0.1593,0.1376,0.1335
2016-10-23 16:41:00 -0400,0.837,0.8604,0.8604,0.1624,0.1394,0.1389
2016-10-23 11:06:00 -0400,0.8503,0.8739,0.8785,0.1493,0.1259,0.1209
2016-10-23 10:00:00 -0400,0.8489,0.8694,0.8751,0.1508,0.1303,0.1247
2016-10-22 13:41:00 -0400,0.8335,0.8582,0.8624,0.1661,0.1416,0.1373
2016-10-22 11:22:00 -0400,0.8299,0.8596,0.8583,0.1693,0.1401,0.1412
2016-10-22 11:01:00 -0400,0.8326,0.8583,0.859,0.1672,0.1414,0.1404
2016-10-22 08:35:00 -0400,0.8351,0.8581,0.8598,0.1646,0.1417,0.1395
2016-10-21 18:22:00 -0400,0.8408,0.8674,0.8655,0.1588,0.1324,0.1337
2016-10-21 17:32:00 -0400,0.8386,0.8629,0.8635,0.1611,0.1367,0.1361
2016-10-21 16:15:00 -0400,0.8388,0.8611,0.863,0.1609,0.1387,0.1361
2016-10-21 15:01:00 -0400,0.8353,0.8648,0.866,0.1644,0.1349,0.1332
2016-10-21 14:41:00 -0400,0.8393,0.8677,0.8667,0.1604,0.1322,0.1328
2016-10-21 14:11:00 -0400,0.8376,0.8651,0.8641,0.1619,0.1347,0.1354
2016-10-21 13:50:00 -0400,0.836,0.8639,0.8609,0.1635,0.1356,0.1385
2016-10-21 12:26:00 -0400,0.8393,0.8663,0.8624,0.1601,0.1334,0.1371
2016-10-21 09:43:00 -0400,0.8374,0.8621,0.8649,0.1619,0.1377,0.1346
2016-10-20 21:31:00 -0400,0.84065,0.8703,0.87,0.1592,0.12955,0.12945
2016-10-20 20:28:00 -0400,0.841,0.8693,0.8739,0.1586,0.1304,0.1257
2016-10-20 19:01:00 -0400,0.8406,0.8659,0.8722,0.159,0.134,0.1272
2016-10-20 14:28:00 -0400,0.8407,0.8689,0.8723,0.1588,0.131,0.1274
2016-10-20 13:33:00 -0400,0.8381,0.8671,0.8643,0.1612,0.1327,0.1349
2016-10-20 12:44:00 -0400,0.8344,0.8616,0.8653,0.1654,0.1379,0.1342
2016-10-20 12:19:00 -0400,0.8326,0.8607,0.8651,0.167,0.1391,0.1341
2016-10-20 09:16:00 -0400,0.834,0.8624,0.8616,0.1659,0.1372,0.138
2016-10-20 07:56:00 -0400,0.8459,0.8722,0.8789,0.1539,0.1274,0.1203
2016-10-19 17:36:00 -0400,0.8465,0.8711,0.8747,0.1531,0.1287,0.1249
2016-10-19 17:17:00 -0400,0.8419,0.8691,0.8726,0.1578,0.1302,0.127
2016-10-19 16:59:00 -0400,0.8388,0.8624,0.8758,0.1609,0.1374,0.1238
2016-10-19 15:41:00 -0400,0.8416,0.867,0.8755,0.1582,0.1328,0.1238
2016-10-19 15:08:00 -0400,0.8422,0.8688,0.8785,0.1577,0.1311,0.121
2016-10-19 14:16:00 -0400,0.833,0.86,0.8733,0.1669,0.1398,0.1264
2016-10-19 13:05:00 -0400,0.8351,0.8653,0.8753,0.1648,0.1342,0.1245
2016-10-19 12:07:00 -0400,0.8452,0.8768,0.8934,0.1545,0.1229,0.1061
2016-10-19 11:24:00 -0400,0.8495,0.8808,0.8906,0.1503,0.119,0.1091
2016-10-19 10:25:00 -0400,0.8452,0.8757,0.8913,0.1546,0.1238,0.1083
2016-10-19 09:56:00 -0400,0.8497,0.8778,0.8899,0.15,0.1218,0.11
2016-10-19 09:20:00 -0400,0.8457,0.8766,0.8925,0.1541,0.1233,0.1071
2016-10-19 08:45:00 -0400,0.8404,0.8722,0.8849,0.1594,0.1276,0.1149
2016-10-18 22:04:00 -0400,0.8403,0.8735,0.8874,0.1594,0.1264,0.1124
2016-10-18 21:31:00 -0400,0.84005,0.8702,0.8865,0.1597,0.12945,0.11315
2016-10-18 18:27:00 -0400,0.8401,0.8757,0.8893,0.1597,0.1241,0.1102
2016-10-18 17:37:00 -0400,0.8417,0.8738,0.8874,0.1576,0.1261,0.1121
2016-10-18 14:56:00 -0400,0.8458,0.8764,0.8914,0.1539,0.1232,0.1083
2016-10-18 13:49:00 -0400,0.8445,0.8772,0.8955,0.1554,0.1225,0.1042
2016-10-18 12:55:00 -0400,0.8424,0.8742,0.89,0.1574,0.1255,0.1096
2016-10-18 11:49:00 -0400,0.8436,0.874,0.8931,0.1561,0.1257,0.1065
2016-10-18 11:18:00 -0400,0.8455,0.8755,0.8935,0.1541,0.1244,0.1064
2016-10-18 10:22:00 -0400,0.8499,0.8799,0.898,0.15,0.1198,0.1016
2016-10-18 08:48:00 -0400,0.8468,0.8792,0.8985,0.1531,0.1205,0.1013
2016-10-18 08:09:00 -0400,0.8497,0.8831,0.9027,0.1497,0.1167,0.097
2016-10-17 21:45:00 -0400,0.85145,0.88215,0.90735,0.1482,0.11775,0.09225
2016-10-17 21:12:00 -0400,0.8568,0.88625,0.911,0.1431,0.1135,0.08865
2016-10-17 19:06:00 -0400,0.8603,0.8871,0.909,0.1395,0.1127,0.0907
2016-10-17 18:41:00 -0400,0.8518,0.8816,0.9025,0.1475,0.1181,0.0971
2016-10-17 17:55:00 -0400,0.8464,0.8828,0.904,0.1535,0.117,0.0953
2016-10-17 17:35:00 -0400,0.8511,0.8817,0.9047,0.1488,0.1181,0.095
2016-10-17 15:28:00 -0400,0.8542,0.8842,0.904,0.1457,0.1155,0.0955
2016-10-17 14:01:00 -0400,0.8484,0.8772,0.8963,0.1512,0.1226,0.1033
2016-10-17 12:48:00 -0400,0.8434,0.8751,0.8981,0.1564,0.1246,0.1014
2016-10-17 11:23:00 -0400,0.8489,0.8799,0.9033,0.1505,0.1199,0.0961
2016-10-17 11:05:00 -0400,0.8482,0.877,0.8984,0.1516,0.1229,0.1012
2016-10-17 09:10:00 -0400,0.8432,0.8726,0.8984,0.1567,0.1272,0.1013
2016-10-17 08:32:00 -0400,0.8393,0.8723,0.8914,0.1605,0.1276,0.1084
2016-10-16 21:30:00 -0400,0.8312,0.8657,0.8878,0.16865,0.1341,0.11205
2016-10-16 19:16:00 -0400,0.8271,0.8633,0.8834,0.1726,0.1363,0.1165
2016-10-16 12:37:00 -0400,0.8285,0.8623,0.8845,0.1713,0.1376,0.1153
2016-10-16 10:03:00 -0400,0.8312,0.8609,0.8849,0.1686,0.139,0.1149
2016-10-16 08:04:00 -0400,0.8162,0.8508,0.8681,0.1835,0.1491,0.1315
2016-10-16 01:39:00 -0400,0.8147,0.8482,0.8695,0.1852,0.1517,0.13
2016-10-15 22:42:00 -0400,0.81635,0.8549,0.8743,0.1834,0.14495,0.1255
2016-10-15 17:31:00 -0400,0.8141,0.8537,0.8709,0.1857,0.1462,0.1286
2016-10-15 12:22:00 -0400,0.8212,0.8563,0.8772,0.1787,0.1435,0.1225
2016-10-15 08:07:00 -0400,0.819,0.8575,0.8744,0.1806,0.1422,0.1254
2016-10-14 17:27:00 -0400,0.8226,0.8573,0.8781,0.1771,0.1426,0.1212
2016-10-14 15:32:00 -0400,0.8185,0.8488,0.8732,0.1814,0.1508,0.1265
2016-10-14 14:20:00 -0400,0.8211,0.8549,0.8798,0.1784,0.1446,0.12
2016-10-14 13:18:00 -0400,0.8168,0.8517,0.874,0.1831,0.1482,0.1254
2016-10-14 11:23:00 -0400,0.8183,0.847,0.8748,0.1813,0.1527,0.1248
2016-10-14 09:04:00 -0400,0.8095,0.844,0.8748,0.1903,0.1559,0.125
2016-10-14 08:46:00 -0400,0.8159,0.8511,0.8751,0.1839,0.1488,0.1247
2016-10-13 22:51:00 -0400,0.8202,0.85625,0.88495,0.17965,0.14355,0.11465
2016-10-13 18:53:00 -0400,0.8269,0.8612,0.8865,0.17295,0.13835,0.11315
2016-10-13 16:50:00 -0400,0.8212,0.8592,0.8842,0.1787,0.1406,0.1156
2016-10-13 15:27:00 -0400,0.8383,0.8732,0.9059,0.1614,0.1266,0.094
2016-10-13 14:18:00 -0400,0.8425,0.8697,0.9069,0.1574,0.1301,0.0928
2016-10-13 13:33:00 -0400,0.8399,0.8697,0.904,0.1598,0.1302,0.0959
2016-10-13 12:55:00 -0400,0.8353,0.869,0.9029,0.1644,0.1308,0.0967
2016-10-13 12:37:00 -0400,0.8328,0.8667,0.9029,0.167,0.1332,0.0966
2016-10-13 11:16:00 -0400,0.8327,0.8707,0.9056,0.1671,0.1291,0.0939
2016-10-13 08:53:00 -0400,0.8313,0.8626,0.8977,0.1686,0.1372,0.1022
2016-10-13 08:23:00 -0400,0.8324,0.8692,0.9033,0.1675,0.1307,0.0966
2016-10-13 07:54:00 -0400,0.8339,0.869,0.9048,0.1659,0.1309,0.0951
2016-10-12 20:07:00 -0400,0.83295,0.8693,0.9093,0.16695,0.1306,0.09055
2016-10-12 17:34:00 -0400,0.8338,0.8654,0.9066,0.1661,0.1344,0.0933
2016-10-12 16:29:00 -0400,0.8263,0.8625,0.9003,0.1735,0.1374,0.0996
2016-10-12 15:59:00 -0400,0.8268,0.8613,0.9007,0.173,0.1386,0.0992
2016-10-12 15:05:00 -0400,0.8257,0.8635,0.9012,0.1742,0.1364,0.0987
2016-10-12 14:13:00 -0400,0.8331,0.8636,0.9048,0.1668,0.1363,0.095
2016-10-12 13:29:00 -0400,0.8324,0.8671,0.9097,0.1675,0.1328,0.0902
2016-10-12 13:13:00 -0400,0.8318,0.8711,0.9097,0.1681,0.1288,0.0902
2016-10-12 10:19:00 -0400,0.8299,0.862,0.9083,0.1699,0.1378,0.0916
2016-10-12 08:50:00 -0400,0.8289,0.8651,0.9077,0.171,0.1348,0.0922
2016-10-11 19:00:00 -0400,0.7986,0.8349,0.87525,0.2013,0.165,0.12465
2016-10-11 16:41:00 -0400,0.799,0.8356,0.8735,0.2009,0.1643,0.1264
2016-10-11 15:07:00 -0400,0.7974,0.8296,0.8714,0.2024,0.1703,0.1285
2016-10-11 13:10:00 -0400,0.8015,0.8343,0.8784,0.1984,0.1656,0.1215
2016-10-11 09:50:00 -0400,0.8087,0.8395,0.8814,0.1912,0.1604,0.1184
2016-10-11 07:33:00 -0400,0.7958,0.8289,0.8653,0.204,0.171,0.1346
2016-10-10 19:13:00 -0400,0.7967,0.8389,0.88015,0.20315,0.161,0.1197
2016-10-10 18:46:00 -0400,0.8051,0.83785,0.87765,0.1948,0.16205,0.12225
2016-10-10 17:22:00 -0400,0.799,0.8342,0.8784,0.2008,0.1657,0.1214
2016-10-10 16:29:00 -0400,0.7978,0.8345,0.8764,0.202,0.1654,0.1234
2016-10-10 13:38:00 -0400,0.7983,0.8364,0.8767,0.2016,0.1635,0.1232
2016-10-10 12:18:00 -0400,0.7888,0.8216,0.867,0.2111,0.1783,0.1329
2016-10-10 10:53:00 -0400,0.7893,0.8248,0.8721,0.2106,0.1751,0.1278
2016-10-10 10:14:00 -0400,0.7874,0.8237,0.8666,0.2125,0.1761,0.1333
2016-10-10 09:12:00 -0400,0.7822,0.8227,0.8675,0.2177,0.1772,0.1324
2016-10-10 08:06:00 -0400,0.7738,0.813,0.8531,0.226,0.1868,0.1468
2016-10-09 20:14:00 -0400,0.776,0.81545,0.8606,0.22385,0.18445,0.1393
2016-10-09 18:34:00 -0400,0.7796,0.8196,0.8637,0.22025,0.1802,0.1362
2016-10-09 12:25:00 -0400,0.77065,0.8127,0.8534,0.22915,0.1871,0.14645
2016-10-09 09:55:00 -0400,0.7775,0.81545,0.863,0.2224,0.18435,0.1369
2016-10-09 09:28:00 -0400,0.7775,0.81585,0.86445,0.22235,0.184,0.1354
2016-10-08 21:57:00 -0400,0.77355,0.8155,0.8657,0.2263,0.18435,0.1342
2016-10-08 20:45:00 -0400,0.7736,0.81155,0.86715,0.22625,0.1883,0.13275
2016-10-08 19:35:00 -0400,0.7745,0.81595,0.86545,0.22535,0.1839,0.13445
2016-10-08 15:18:00 -0400,0.7732,0.81415,0.86615,0.22665,0.1857,0.13375
2016-10-08 11:11:00 -0400,0.7731,0.8144,0.87025,0.2268,0.1855,0.12965
2016-10-07 22:26:00 -0400,0.77365,0.8135,0.87165,0.22625,0.18635,0.12825
2016-10-07 20:54:00 -0400,0.7663,0.80705,0.8636,0.2336,0.19285,0.1363
2016-10-07 19:23:00 -0400,0.7606,0.8002,0.86255,0.23925,0.1997,0.1374
2016-10-07 17:40:00 -0400,0.7669,0.8046,0.8689,0.2329,0.1952,0.131
2016-10-07 16:51:00 -0400,0.772,0.8074,0.8761,0.2279,0.1925,0.1238
2016-10-07 15:51:00 -0400,0.7592,0.7986,0.8683,0.2407,0.2013,0.1316
2016-10-07 15:04:00 -0400,0.7603,0.7963,0.8652,0.2396,0.2036,0.1347
2016-10-07 14:29:00 -0400,0.7564,0.801,0.8665,0.2435,0.1989,0.1334
2016-10-07 12:41:00 -0400,0.7542,0.796,0.8679,0.2457,0.2038,0.132
2016-10-07 09:36:00 -0400,0.7566,0.7931,0.8649,0.2432,0.2068,0.135
2016-10-07 07:16:00 -0400,0.7525,0.7884,0.8617,0.2474,0.2114,0.1382
2016-10-06 20:58:00 -0400,0.75435,0.78655,0.87055,0.24545,0.2133,0.1293
2016-10-06 18:09:00 -0400,0.7501,0.7842,0.8541,0.2498,0.2157,0.1457
2016-10-06 17:34:00 -0400,0.7489,0.7828,0.8547,0.251,0.217,0.1452
2016-10-06 14:05:00 -0400,0.7456,0.7882,0.8552,0.2542,0.2116,0.1446
2016-10-06 12:34:00 -0400,0.7476,0.7867,0.8581,0.2522,0.2131,0.1418
2016-10-06 12:13:00 -0400,0.7413,0.7797,0.8494,0.2586,0.2202,0.1505
2016-10-06 10:56:00 -0400,0.7424,0.7843,0.8524,0.2575,0.2156,0.1475
2016-10-06 10:17:00 -0400,0.747,0.783,0.8514,0.2529,0.2168,0.1485
2016-10-06 09:40:00 -0400,0.7387,0.7738,0.8326,0.2612,0.2261,0.1672
2016-10-06 09:00:00 -0400,0.7345,0.7745,0.8326,0.2653,0.2254,0.1673
2016-10-05 21:53:00 -0400,0.72565,0.76205,0.8222,0.2742,0.23775,0.17765
2016-10-05 19:54:00 -0400,0.72805,0.76745,0.8305,0.27175,0.23235,0.16935
2016-10-05 17:19:00 -0400,0.7245,0.7621,0.8251,0.2754,0.2378,0.1748
2016-10-05 15:48:00 -0400,0.7184,0.7549,0.819,0.2814,0.2449,0.1808
2016-10-05 13:26:00 -0400,0.7174,0.7547,0.8187,0.2824,0.2451,0.1812
2016-10-05 12:03:00 -0400,0.7134,0.7545,0.8163,0.2865,0.2453,0.1835
2016-10-05 10:23:00 -0400,0.7191,0.7538,0.8232,0.2808,0.246,0.1766
2016-10-05 09:25:00 -0400,0.7117,0.75,0.8184,0.2881,0.2499,0.1815
2016-10-05 08:31:00 -0400,0.7136,0.7496,0.8136,0.2863,0.2502,0.1863
2016-10-04 17:00:00 -0400,0.7119,0.7486,0.8187,0.2879,0.2512,0.1812
2016-10-04 14:39:00 -0400,0.7003,0.7317,0.804,0.2996,0.2681,0.1959
2016-10-04 13:40:00 -0400,0.6986,0.7359,0.8022,0.3013,0.2639,0.1976
2016-10-04 11:34:00 -0400,0.6896,0.7284,0.803,0.3103,0.2714,0.1968
2016-10-04 10:32:00 -0400,0.6917,0.7242,0.7985,0.3081,0.2757,0.2014
2016-10-04 09:14:00 -0400,0.6877,0.7243,0.7925,0.3122,0.2755,0.2073
2016-10-04 08:31:00 -0400,0.6905,0.72,0.7888,0.3093,0.2798,0.2111
2016-10-04 02:01:00 -0400,0.6874,0.7186,0.78955,0.31245,0.28115,0.21035
2016-10-03 21:33:00 -0400,0.6852,0.71765,0.79795,0.31465,0.2822,0.2019
2016-10-03 19:19:00 -0400,0.6835,0.71715,0.79625,0.31635,0.2827,0.2036
2016-10-03 18:52:00 -0400,0.68205,0.71715,0.79895,0.31775,0.2827,0.20085
2016-10-03 16:40:00 -0400,0.6767,0.7084,0.7795,0.323,0.2913,0.2204
2016-10-03 15:30:00 -0400,0.6673,0.6979,0.7741,0.3325,0.3019,0.2257
2016-10-03 15:15:00 -0400,0.6712,0.7017,0.7719,0.3287,0.2981,0.2279
2016-10-03 14:36:00 -0400,0.6657,0.6975,0.7668,0.3342,0.3023,0.233
2016-10-03 14:21:00 -0400,0.6521,0.6844,0.756,0.3476,0.3154,0.2438
2016-10-03 11:42:00 -0400,0.6487,0.6812,0.7535,0.3511,0.3186,0.2463
2016-10-03 09:02:00 -0400,0.6517,0.6865,0.763,0.3481,0.3132,0.2367
2016-10-03 08:25:00 -0400,0.6536,0.6766,0.7528,0.3461,0.3232,0.247
2016-10-02 16:15:00 -0400,0.63835,0.6671,0.7277,0.36145,0.33265,0.27205
2016-10-02 10:06:00 -0400,0.64425,0.67035,0.73265,0.35555,0.32925,0.2671
2016-10-01 15:38:00 -0400,0.6457,0.6732,0.7435,0.35405,0.32655,0.25635
2016-10-01 08:50:00 -0400,0.64445,0.677,0.74905,0.35525,0.3227,0.25075
2016-09-30 18:51:00 -0400,0.65005,0.67495,0.7657,0.34975,0.3248,0.23405
2016-09-30 15:41:00 -0400,0.6438,0.6726,0.7616,0.356,0.3271,0.2381
2016-09-30 13:40:00 -0400,0.6477,0.6721,0.7612,0.352,0.3276,0.2386
2016-09-30 12:35:00 -0400,0.6451,0.6669,0.7567,0.3546,0.3328,0.243
2016-09-30 11:37:00 -0400,0.6319,0.6579,0.7505,0.3679,0.3418,0.2493
2016-09-30 08:27:00 -0400,0.6344,0.6634,0.7384,0.3654,0.3364,0.2613
2016-09-30 08:12:00 -0400,0.6236,0.6527,0.725,0.3762,0.347,0.2746
2016-09-29 15:47:00 -0400,0.6116,0.6326,0.7239,0.3881,0.3671,0.2757
2016-09-29 13:53:00 -0400,0.6011,0.6243,0.6998,0.3987,0.3754,0.3
2016-09-29 09:20:00 -0400,0.6069,0.6224,0.6925,0.3929,0.3772,0.3072
2016-09-29 08:07:00 -0400,0.6013,0.6134,0.6884,0.3985,0.3864,0.3112
2016-09-28 20:58:00 -0400,0.5657,0.579,0.62525,0.43405,0.4208,0.3745
2016-09-28 19:23:00 -0400,0.55915,0.5749,0.60995,0.4406,0.42485,0.3898
2016-09-28 14:06:00 -0400,0.56,0.5821,0.6025,0.4398,0.4176,0.3972
2016-09-28 10:49:00 -0400,0.558,0.5577,0.5497,0.4418,0.442,0.4501
2016-09-28 09:08:00 -0400,0.557,0.5572,0.5475,0.4428,0.4427,0.4523
2016-09-28 07:11:00 -0400,0.552,0.5524,0.5328,0.4477,0.4473,0.4671
2016-09-27 18:49:00 -0400,0.5522,0.55735,0.53755,0.44755,0.44245,0.46225
2016-09-27 15:43:00 -0400,0.5538,0.5543,0.527,0.4461,0.4455,0.4728
2016-09-27 08:06:00 -0400,0.548,0.5547,0.5296,0.4518,0.4451,0.4701
2016-09-26 18:51:00 -0400,0.54595,0.5478,0.52055,0.45385,0.45195,0.47925
2016-09-26 18:06:00 -0400,0.544,0.5519,0.5182,0.4558,0.4478,0.4815
2016-09-26 17:42:00 -0400,0.5464,0.55,0.5236,0.4534,0.4498,0.4762
2016-09-26 16:23:00 -0400,0.5423,0.5405,0.5061,0.4575,0.4592,0.4938
2016-09-26 15:19:00 -0400,0.5383,0.5395,0.5065,0.4616,0.4602,0.4933
2016-09-26 15:04:00 -0400,0.5323,0.5401,0.4965,0.4674,0.4597,0.5033
2016-09-26 13:44:00 -0400,0.5342,0.5362,0.4907,0.4656,0.4636,0.509
2016-09-26 13:10:00 -0400,0.5318,0.5317,0.4806,0.4681,0.468,0.5192
2016-09-26 12:47:00 -0400,0.5222,0.5247,0.4571,0.4777,0.4751,0.5428
2016-09-26 11:48:00 -0400,0.5119,0.5176,0.4464,0.488,0.4822,0.5534
2016-09-26 10:46:00 -0400,0.518,0.518,0.4547,0.4817,0.4818,0.5451
2016-09-26 09:03:00 -0400,0.5191,0.5148,0.4509,0.4807,0.485,0.549
2016-09-26 08:35:00 -0400,0.5782,0.5818,0.5701,0.4216,0.4179,0.4297
2016-09-25 22:27:00 -0400,0.57065,0.57755,0.56035,0.4292,0.42225,0.43955
2016-09-25 21:17:00 -0400,0.5675,0.57525,0.5506,0.4324,0.42455,0.44925
2016-09-25 12:50:00 -0400,0.57555,0.5812,0.5596,0.42425,0.41855,0.4402
2016-09-25 11:28:00 -0400,0.5748,0.5766,0.56375,0.425,0.42315,0.4361
2016-09-25 10:24:00 -0400,0.5752,0.5807,0.56,0.4246,0.419,0.4399
2016-09-25 09:12:00 -0400,0.5756,0.5764,0.563,0.4242,0.4234,0.43685
2016-09-25 02:15:00 -0400,0.5792,0.58225,0.57315,0.4206,0.4175,0.42665
2016-09-24 21:06:00 -0400,0.5802,0.5876,0.57895,0.4196,0.4122,0.42085
2016-09-24 13:49:00 -0400,0.59465,0.6049,0.61515,0.40515,0.3948,0.38465
2016-09-24 03:28:00 -0400,0.60225,0.60825,0.6146,0.39755,0.3915,0.3852
2016-09-23 17:53:00 -0400,0.6126,0.6168,0.641,0.3872,0.3829,0.3587
2016-09-23 16:20:00 -0400,0.6104,0.6164,0.641,0.3894,0.3834,0.3588
2016-09-23 14:03:00 -0400,0.6062,0.617,0.6393,0.3936,0.3828,0.3605
2016-09-23 13:25:00 -0400,0.6015,0.6109,0.6173,0.3983,0.3889,0.3825
2016-09-23 10:16:00 -0400,0.6007,0.6029,0.612,0.3991,0.3967,0.3877
2016-09-22 20:58:00 -0400,0.5991,0.60485,0.61255,0.4007,0.3949,0.38725
2016-09-22 15:37:00 -0400,0.5927,0.5937,0.5975,0.4071,0.406,0.4023
2016-09-22 15:08:00 -0400,0.5873,0.5891,0.5959,0.4125,0.4107,0.4039
2016-09-22 14:29:00 -0400,0.5863,0.5905,0.5961,0.4135,0.4092,0.4036
2016-09-22 13:08:00 -0400,0.5841,0.5935,0.598,0.4157,0.4062,0.4018
2016-09-22 09:01:00 -0400,0.578,0.5875,0.5913,0.4217,0.4121,0.4084
2016-09-21 19:22:00 -0400,0.57055,0.5762,0.5767,0.4292,0.42355,0.423
2016-09-21 18:28:00 -0400,0.5786,0.5832,0.5808,0.42115,0.4164,0.41895
2016-09-21 16:51:00 -0400,0.5681,0.5723,0.5629,0.4317,0.4273,0.4367
2016-09-21 15:08:00 -0400,0.5658,0.5682,0.551,0.434,0.4315,0.4488
2016-09-21 14:14:00 -0400,0.5634,0.5691,0.5509,0.4364,0.4305,0.4487
2016-09-21 13:31:00 -0400,0.5594,0.5652,0.5491,0.4404,0.4346,0.4507
2016-09-21 12:22:00 -0400,0.5605,0.5682,0.5509,0.4393,0.4315,0.4489
2016-09-21 07:20:00 -0400,0.5571,0.5706,0.5328,0.4426,0.429,0.467
2016-09-20 15:49:00 -0400,0.5591,0.5632,0.5212,0.4406,0.4365,0.4786
2016-09-20 13:30:00 -0400,0.588,0.5954,0.5765,0.4118,0.4043,0.4233
2016-09-20 12:38:00 -0400,0.576,0.5854,0.5815,0.4238,0.4144,0.4184
2016-09-20 11:33:00 -0400,0.5795,0.5863,0.5789,0.4203,0.4134,0.421
2016-09-20 11:18:00 -0400,0.583,0.5929,0.5862,0.4167,0.4067,0.4136
2016-09-20 10:26:00 -0400,0.5815,0.5867,0.5884,0.4183,0.413,0.4114
2016-09-20 09:25:00 -0400,0.5836,0.5889,0.5878,0.4161,0.4108,0.412
2016-09-20 08:53:00 -0400,0.5818,0.5945,0.5873,0.418,0.4052,0.4126
2016-09-20 07:34:00 -0400,0.5753,0.5849,0.5713,0.4245,0.4148,0.4284
2016-09-19 13:34:00 -0400,0.5893,0.5932,0.5755,0.4105,0.4065,0.4243
2016-09-19 12:33:00 -0400,0.5861,0.5947,0.5787,0.4137,0.4049,0.4211
2016-09-19 11:14:00 -0400,0.587,0.5969,0.5823,0.4128,0.4028,0.4176
2016-09-19 10:30:00 -0400,0.5982,0.6044,0.5956,0.4016,0.3953,0.4042
2016-09-18 12:12:00 -0400,0.597,0.61285,0.60375,0.40275,0.3869,0.39615
2016-09-18 11:18:00 -0400,0.59285,0.6111,0.60315,0.4069,0.3886,0.3967
2016-09-17 22:51:00 -0400,0.60255,0.6175,0.6142,0.3972,0.3822,0.3856
2016-09-17 13:09:00 -0400,0.59055,0.5981,0.5772,0.40925,0.40145,0.42265
2016-09-16 23:01:00 -0400,0.59235,0.6017,0.5759,0.4074,0.398,0.42395
2016-09-16 15:12:00 -0400,0.5886,0.5999,0.5743,0.4112,0.3999,0.4255
2016-09-16 12:22:00 -0400,0.5938,0.597,0.5732,0.406,0.4028,0.4266
2016-09-16 08:26:00 -0400,0.5951,0.6004,0.5758,0.4047,0.3993,0.424
2016-09-15 19:22:00 -0400,0.5963,0.6031,0.56705,0.40345,0.3966,0.43285
2016-09-15 17:45:00 -0400,0.6014,0.6055,0.5648,0.3984,0.3942,0.435
2016-09-15 16:25:00 -0400,0.6013,0.6082,0.5665,0.3984,0.3915,0.4334
2016-09-15 14:50:00 -0400,0.5988,0.6104,0.5659,0.401,0.3893,0.4339
2016-09-15 13:31:00 -0400,0.6033,0.6103,0.5864,0.3964,0.3893,0.4133
2016-09-15 11:16:00 -0400,0.6171,0.6232,0.6052,0.3827,0.3765,0.3946
2016-09-15 09:40:00 -0400,0.6168,0.6257,0.6065,0.3829,0.3739,0.3933
2016-09-15 07:41:00 -0400,0.624,0.6363,0.6308,0.3757,0.3632,0.3689
2016-09-14 17:22:00 -0400,0.6287,0.641,0.6372,0.371,0.3584,0.3626
2016-09-14 16:38:00 -0400,0.627,0.6426,0.6339,0.3727,0.357,0.3657
2016-09-14 16:09:00 -0400,0.6379,0.6575,0.6575,0.3617,0.3421,0.3422
2016-09-14 15:45:00 -0400,0.6386,0.6521,0.6584,0.3612,0.3476,0.3412
2016-09-14 15:07:00 -0400,0.6471,0.6553,0.6547,0.3527,0.3444,0.345
2016-09-14 13:02:00 -0400,0.6526,0.6679,0.6777,0.3472,0.3317,0.3222
2016-09-14 11:01:00 -0400,0.6602,0.6705,0.6957,0.3395,0.3291,0.3041
2016-09-14 08:48:00 -0400,0.6561,0.6704,0.695,0.3436,0.3292,0.3048
2016-09-14 08:05:00 -0400,0.6611,0.6787,0.7106,0.3386,0.3209,0.2891
2016-09-13 20:54:00 -0400,0.67035,0.68715,0.7217,0.3294,0.3124,0.278
2016-09-13 18:03:00 -0400,0.6648,0.6822,0.7022,0.3349,0.3174,0.2975
2016-09-13 16:01:00 -0400,0.676,0.6944,0.7268,0.3236,0.3052,0.2728
2016-09-13 12:38:00 -0400,0.6713,0.6955,0.7219,0.3283,0.304,0.2777
2016-09-13 12:23:00 -0400,0.6727,0.6924,0.7281,0.327,0.3072,0.2716
2016-09-13 11:21:00 -0400,0.678,0.6923,0.7297,0.3218,0.3072,0.2699
2016-09-13 08:55:00 -0400,0.6801,0.6938,0.7274,0.3195,0.3056,0.2723
2016-09-13 07:43:00 -0400,0.682,0.6926,0.7263,0.3177,0.3069,0.2733
2016-09-12 23:14:00 -0400,0.6858,0.6984,0.74015,0.31395,0.3011,0.2596
2016-09-12 17:19:00 -0400,0.6791,0.6896,0.7139,0.3204,0.31,0.2858
2016-09-12 15:37:00 -0400,0.6742,0.687,0.7164,0.3255,0.3126,0.2833
2016-09-12 13:29:00 -0400,0.6799,0.6861,0.7146,0.3198,0.3136,0.2851
2016-09-12 13:14:00 -0400,0.6763,0.6867,0.7175,0.3234,0.3127,0.282
2016-09-12 12:20:00 -0400,0.6782,0.6852,0.7163,0.3215,0.3142,0.2834
2016-09-12 10:18:00 -0400,0.6885,0.7039,0.7438,0.3112,0.2957,0.2558
2016-09-12 09:57:00 -0400,0.6903,0.7053,0.7436,0.3094,0.2941,0.256
2016-09-12 08:50:00 -0400,0.6918,0.7068,0.7471,0.3078,0.2927,0.2526
2016-09-12 08:08:00 -0400,0.6866,0.7067,0.7505,0.3131,0.2928,0.2491
2016-09-11 18:13:00 -0400,0.6885,0.7064,0.74685,0.31115,0.2931,0.25275
2016-09-11 13:01:00 -0400,0.6845,0.6995,0.7426,0.3151,0.30005,0.25715
2016-09-10 15:26:00 -0400,0.6837,0.70035,0.7479,0.316,0.29915,0.2517
2016-09-10 07:56:00 -0400,0.6801,0.69995,0.74715,0.3196,0.29945,0.2525
2016-09-09 21:46:00 -0400,0.6765,0.69555,0.7441,0.3232,0.3039,0.2556
2016-09-09 12:40:00 -0400,0.688,0.7026,0.7505,0.3117,0.297,0.249
2016-09-09 11:47:00 -0400,0.6763,0.6995,0.7235,0.3234,0.2999,0.2762
2016-09-09 07:41:00 -0400,0.68,0.6949,0.7205,0.3197,0.3046,0.2792
2016-09-08 16:05:00 -0400,0.6786,0.698,0.7234,0.3211,0.3016,0.2764
2016-09-08 15:29:00 -0400,0.6809,0.694,0.7278,0.3189,0.3057,0.2719
2016-09-08 12:53:00 -0400,0.6713,0.6879,0.7141,0.3285,0.3115,0.2856
2016-09-08 11:25:00 -0400,0.6725,0.6916,0.7143,0.3273,0.3079,0.2854
2016-09-08 09:57:00 -0400,0.6762,0.6949,0.7188,0.3236,0.3047,0.2808
2016-09-08 09:15:00 -0400,0.6759,0.6938,0.7222,0.3237,0.3058,0.2775
2016-09-08 08:24:00 -0400,0.6693,0.6822,0.6927,0.3304,0.3174,0.307
2016-09-07 20:09:00 -0400,0.65925,0.67345,0.6679,0.34045,0.32605,0.33185
2016-09-07 12:59:00 -0400,0.6661,0.6811,0.6825,0.3336,0.3184,0.3172
2016-09-07 11:47:00 -0400,0.6678,0.6794,0.6808,0.332,0.3202,0.319
2016-09-07 10:56:00 -0400,0.6554,0.6787,0.6659,0.3442,0.3209,0.3339
2016-09-07 10:39:00 -0400,0.6638,0.677,0.6661,0.336,0.3227,0.3337
2016-09-07 09:24:00 -0400,0.6646,0.6776,0.6695,0.3352,0.3221,0.3302
2016-09-07 08:22:00 -0400,0.6645,0.674,0.6613,0.3352,0.3256,0.3385
2016-09-06 23:27:00 -0400,0.6593,0.67845,0.66165,0.3404,0.3211,0.3381
2016-09-06 19:22:00 -0400,0.66275,0.67435,0.65935,0.337,0.32515,0.3404
2016-09-06 14:53:00 -0400,0.673,0.6883,0.6638,0.3268,0.3114,0.336
2016-09-06 13:09:00 -0400,0.6696,0.6817,0.6701,0.3302,0.3179,0.3296
2016-09-06 10:16:00 -0400,0.6745,0.6912,0.6766,0.3252,0.3084,0.3232
2016-09-06 02:13:00 -0400,0.69935,0.7202,0.72175,0.3004,0.27945,0.27795
2016-09-05 13:29:00 -0400,0.7033,0.723,0.737,0.2964,0.2766,0.2628
2016-09-05 10:40:00 -0400,0.692,0.7111,0.7155,0.3077,0.2886,0.2844
2016-09-04 11:23:00 -0400,0.6905,0.7132,0.71105,0.30925,0.2864,0.2887
2016-09-03 11:50:00 -0400,0.689,0.71495,0.7064,0.3108,0.28475,0.2934
2016-09-02 18:53:00 -0400,0.69365,0.7223,0.72285,0.3061,0.2773,0.27695
2016-09-02 13:54:00 -0400,0.6907,0.7207,0.7209,0.3091,0.2789,0.2789
2016-09-02 11:59:00 -0400,0.6994,0.7272,0.7353,0.3004,0.2723,0.2645
2016-09-02 11:31:00 -0400,0.7006,0.726,0.737,0.2993,0.2736,0.2628
2016-09-02 08:22:00 -0400,0.7074,0.7448,0.7593,0.2924,0.2549,0.2406
2016-09-01 14:24:00 -0400,0.7095,0.7382,0.7571,0.2903,0.2615,0.2427
2016-09-01 12:38:00 -0400,0.7083,0.7408,0.7588,0.2915,0.2589,0.241
2016-09-01 11:25:00 -0400,0.7001,0.7383,0.7451,0.2997,0.2615,0.2548
2016-09-01 11:11:00 -0400,0.7031,0.7345,0.7505,0.2966,0.2653,0.2493
2016-09-01 09:46:00 -0400,0.6998,0.7317,0.7244,0.3001,0.2681,0.2755
2016-09-01 08:51:00 -0400,0.7007,0.7307,0.7324,0.2991,0.269,0.2675
2016-08-31 18:46:00 -0400,0.7016,0.7384,0.73425,0.29825,0.2613,0.26555
2016-08-31 17:35:00 -0400,0.7066,0.7513,0.7503,0.2932,0.2484,0.2496
2016-08-31 14:15:00 -0400,0.7127,0.7544,0.7535,0.2871,0.2452,0.2463
2016-08-31 13:26:00 -0400,0.7212,0.7714,0.7734,0.2786,0.2282,0.2264
2016-08-31 10:11:00 -0400,0.7246,0.7728,0.7665,0.2752,0.2268,0.2334
2016-08-31 08:31:00 -0400,0.7284,0.7771,0.762,0.2715,0.2226,0.2378
2016-08-30 22:40:00 -0400,0.7299,0.77325,0.77145,0.2699,0.2264,0.22835
2016-08-30 14:38:00 -0400,0.7304,0.7731,0.7596,0.2694,0.2266,0.2402
2016-08-30 13:29:00 -0400,0.7394,0.7888,0.7853,0.2604,0.2107,0.2146
2016-08-30 13:15:00 -0400,0.7317,0.7834,0.7819,0.2681,0.2163,0.2178
2016-08-30 11:58:00 -0400,0.7369,0.788,0.7817,0.2629,0.2117,0.218
2016-08-30 09:59:00 -0400,0.7392,0.7906,0.7789,0.2606,0.209,0.221
2016-08-30 07:36:00 -0400,0.7356,0.7854,0.7719,0.2642,0.2142,0.2279
2016-08-29 13:33:00 -0400,0.7397,0.7881,0.776,0.2601,0.2116,0.2238
2016-08-29 11:27:00 -0400,0.7402,0.7945,0.7838,0.2596,0.2051,0.216
2016-08-29 10:14:00 -0400,0.7527,0.8076,0.8022,0.2471,0.1921,0.1977
2016-08-29 09:59:00 -0400,0.7505,0.8091,0.809,0.2493,0.1906,0.1908
2016-08-29 09:14:00 -0400,0.7509,0.8202,0.8138,0.2488,0.1794,0.1861
2016-08-29 08:38:00 -0400,0.7302,0.8078,0.8074,0.2695,0.1918,0.1925
2016-08-28 10:38:00 -0400,0.7325,0.8088,0.80675,0.26735,0.19085,0.1931
2016-08-27 09:44:00 -0400,0.73625,0.81415,0.81485,0.26355,0.18545,0.185
2016-08-26 21:01:00 -0400,0.7352,0.8111,0.7976,0.26455,0.1885,0.2022
2016-08-26 17:02:00 -0400,0.7306,0.804,0.8057,0.2693,0.1957,0.1941
2016-08-26 14:56:00 -0400,0.7291,0.8125,0.8144,0.2705,0.1871,0.1853
2016-08-26 11:17:00 -0400,0.7476,0.8266,0.8397,0.2522,0.173,0.1599
2016-08-26 10:55:00 -0400,0.7535,0.829,0.8475,0.2463,0.1706,0.1521
2016-08-26 08:06:00 -0400,0.7492,0.8303,0.8442,0.2505,0.1694,0.1554
2016-08-25 13:22:00 -0400,0.7525,0.8349,0.8528,0.2472,0.1646,0.147
2016-08-25 12:34:00 -0400,0.7535,0.8355,0.854,0.2462,0.1641,0.1457
2016-08-25 12:13:00 -0400,0.7516,0.8319,0.8424,0.2481,0.1676,0.1574
2016-08-25 11:06:00 -0400,0.7509,0.8384,0.8525,0.2489,0.1611,0.1473
2016-08-25 08:56:00 -0400,0.7499,0.8383,0.8528,0.2499,0.1614,0.147
2016-08-25 08:25:00 -0400,0.7408,0.8316,0.839,0.2588,0.1679,0.1608
2016-08-24 19:21:00 -0400,0.7486,0.8353,0.8439,0.2511,0.1644,0.15585
2016-08-24 17:48:00 -0400,0.7621,0.8474,0.8744,0.2376,0.1522,0.1254
2016-08-24 13:27:00 -0400,0.767,0.8491,0.876,0.2327,0.1506,0.1237
2016-08-24 11:54:00 -0400,0.7652,0.8497,0.8788,0.2346,0.15,0.1208
2016-08-24 11:29:00 -0400,0.7667,0.8533,0.8803,0.2331,0.1463,0.1196
2016-08-24 08:49:00 -0400,0.77,0.8535,0.8818,0.2297,0.1461,0.118
2016-08-24 08:35:00 -0400,0.7673,0.8536,0.8782,0.2324,0.1459,0.1216
2016-08-23 22:51:00 -0400,0.7592,0.8488,0.8697,0.2406,0.15075,0.1301
2016-08-23 15:55:00 -0400,0.7685,0.8505,0.8713,0.2313,0.1491,0.1286
2016-08-23 13:30:00 -0400,0.7609,0.8499,0.8719,0.2388,0.1498,0.1279
2016-08-23 12:00:00 -0400,0.7574,0.8453,0.8611,0.2423,0.1543,0.1387
2016-08-23 10:50:00 -0400,0.7568,0.8457,0.8635,0.243,0.154,0.1363
2016-08-23 10:20:00 -0400,0.757,0.8476,0.8634,0.2427,0.152,0.1364
2016-08-23 08:53:00 -0400,0.7586,0.851,0.8619,0.2412,0.1485,0.1379
2016-08-22 14:30:00 -0400,0.7424,0.841,0.8404,0.2574,0.1586,0.1593
2016-08-22 14:13:00 -0400,0.7405,0.8411,0.8393,0.2593,0.1586,0.1606
2016-08-22 10:06:00 -0400,0.7395,0.8425,0.8413,0.2603,0.1572,0.1585
2016-08-22 08:58:00 -0400,0.7451,0.8498,0.8495,0.2546,0.1499,0.1503
2016-08-21 16:37:00 -0400,0.74665,0.8466,0.8502,0.2531,0.15295,0.1496
2016-08-21 11:20:00 -0400,0.74895,0.8482,0.85315,0.2508,0.15145,0.14675
2016-08-21 10:10:00 -0400,0.7444,0.8483,0.853,0.25545,0.1513,0.14685
2016-08-20 07:37:00 -0400,0.7522,0.85735,0.87135,0.2475,0.14215,0.12845
2016-08-19 21:22:00 -0400,0.75605,0.85915,0.87505,0.24375,0.1404,0.12465
2016-08-19 15:35:00 -0400,0.761,0.8623,0.8698,0.2387,0.1374,0.13
2016-08-19 10:42:00 -0400,0.7599,0.8626,0.8739,0.2399,0.1369,0.1259
2016-08-19 09:06:00 -0400,0.7642,0.8653,0.8783,0.2355,0.1343,0.1214
2016-08-19 08:22:00 -0400,0.7648,0.868,0.8772,0.235,0.1316,0.1226
2016-08-18 16:08:00 -0400,0.7644,0.8617,0.8721,0.2354,0.1379,0.1277
2016-08-18 11:51:00 -0400,0.7837,0.8852,0.8948,0.216,0.1142,0.105
2016-08-18 10:31:00 -0400,0.7843,0.8874,0.8997,0.2155,0.1121,0.1001
2016-08-18 08:54:00 -0400,0.7872,0.8898,0.8946,0.2125,0.1098,0.1053
2016-08-18 07:34:00 -0400,0.783,0.8809,0.8918,0.2168,0.1187,0.108
2016-08-17 14:07:00 -0400,0.7847,0.8829,0.8912,0.215,0.1167,0.1084
2016-08-17 13:32:00 -0400,0.7732,0.8769,0.8765,0.2265,0.1226,0.1233
2016-08-17 12:37:00 -0400,0.7755,0.8744,0.8819,0.2241,0.1251,0.1179
2016-08-17 10:02:00 -0400,0.7738,0.8783,0.8749,0.2259,0.1213,0.1248
2016-08-17 08:11:00 -0400,0.7683,0.8709,0.8832,0.2314,0.1286,0.1166
2016-08-17 07:55:00 -0400,0.7681,0.8692,0.8788,0.2316,0.1303,0.1209
2016-08-16 16:02:00 -0400,0.7675,0.864,0.8737,0.2323,0.1355,0.1259
2016-08-16 15:10:00 -0400,0.7833,0.8826,0.9037,0.2165,0.1169,0.0961
2016-08-16 14:24:00 -0400,0.7932,0.8914,0.9165,0.2066,0.1083,0.0834
2016-08-16 13:54:00 -0400,0.7887,0.8865,0.9154,0.211,0.113,0.0844
2016-08-16 12:06:00 -0400,0.795,0.892,0.9168,0.2049,0.1075,0.083
2016-08-16 11:32:00 -0400,0.7902,0.8897,0.9167,0.2096,0.1099,0.0831
2016-08-16 09:18:00 -0400,0.7808,0.8871,0.9101,0.2189,0.1125,0.0897
2016-08-15 15:06:00 -0400,0.7854,0.889,0.9058,0.2144,0.1106,0.0941
2016-08-15 13:43:00 -0400,0.7847,0.8881,0.9026,0.215,0.1116,0.0972
2016-08-15 11:11:00 -0400,0.7828,0.8899,0.9061,0.217,0.1095,0.0938
2016-08-15 07:53:00 -0400,0.7885,0.8902,0.9135,0.2113,0.1095,0.0864
2016-08-14 21:25:00 -0400,0.7865,0.89185,0.9051,0.21325,0.10775,0.09475
2016-08-14 20:31:00 -0400,0.79235,0.89585,0.91725,0.2074,0.1036,0.08265
2016-08-14 11:55:00 -0400,0.786,0.88835,0.92425,0.21365,0.11115,0.0755
2016-08-13 10:21:00 -0400,0.77605,0.87785,0.9076,0.2237,0.12175,0.0921
2016-08-12 13:32:00 -0400,0.7689,0.8749,0.8893,0.2309,0.1247,0.1105
2016-08-12 12:04:00 -0400,0.7733,0.8713,0.9014,0.2265,0.1283,0.0983
2016-08-12 08:28:00 -0400,0.77115,0.8728,0.88915,0.2286,0.12675,0.1106
2016-08-11 22:25:00 -0400,0.7662,0.8632,0.88275,0.23365,0.13635,0.1171
2016-08-11 17:36:00 -0400,0.77055,0.8697,0.87955,0.22925,0.1299,0.12015
2016-08-11 15:11:00 -0400,0.7611,0.8619,0.8873,0.2387,0.1377,0.11235
2016-08-11 14:17:00 -0400,0.76235,0.8606,0.8883,0.2374,0.13905,0.11145
2016-08-11 13:02:00 -0400,0.761,0.86315,0.88935,0.23875,0.1364,0.1103
2016-08-11 12:36:00 -0400,0.7612,0.86625,0.88865,0.2386,0.13325,0.111
2016-08-11 11:40:00 -0400,0.7616,0.8635,0.88895,0.2382,0.13605,0.11075
2016-08-11 09:47:00 -0400,0.75715,0.8632,0.87925,0.24255,0.13645,0.1205
2016-08-11 08:01:00 -0400,0.74825,0.84705,0.8721,0.2515,0.15255,0.12755
2016-08-10 18:03:00 -0400,0.75395,0.8517,0.86825,0.24585,0.14785,0.13145
2016-08-10 15:23:00 -0400,0.75065,0.85135,0.8661,0.2492,0.14825,0.13365
2016-08-10 13:59:00 -0400,0.74825,0.8504,0.8656,0.2515,0.1492,0.1341
2016-08-10 11:35:00 -0400,0.7476,0.84725,0.8584,0.25215,0.15235,0.1414
2016-08-10 08:55:00 -0400,0.74875,0.84675,0.86285,0.25105,0.1529,0.13685
2016-08-09 19:25:00 -0400,0.7891,0.87615,0.93945,0.21065,0.12345,0.0602
2016-08-09 17:53:00 -0400,0.79145,0.87735,0.93885,0.20835,0.12225,0.0609
2016-08-09 15:29:00 -0400,0.79295,0.8772,0.947,0.2069,0.1225,0.05275
2016-08-09 13:44:00 -0400,0.78595,0.871,0.9485,0.21385,0.12865,0.0513
2016-08-09 11:11:00 -0400,0.7919,0.87495,0.95505,0.208,0.1247,0.04475
2016-08-09 10:24:00 -0400,0.7935,0.87855,0.95655,0.2064,0.1211,0.0433
2016-08-09 09:29:00 -0400,0.79335,0.8737,0.95865,0.20645,0.12605,0.0412
2016-08-08 20:06:00 -0400,0.7946,0.8753,0.9644,0.20525,0.12445,0.0355
2016-08-08 15:07:00 -0400,0.78265,0.8651,0.95285,0.21725,0.13465,0.04705
2016-08-08 13:40:00 -0400,0.78655,0.8659,0.9538,0.2133,0.13385,0.04605
2016-08-08 12:49:00 -0400,0.7576,0.83045,0.90795,0.24225,0.16925,0.09195
2016-08-08 12:22:00 -0400,0.7546,0.8299,0.9086,0.2453,0.16985,0.09125
2016-08-08 11:56:00 -0400,0.75615,0.82895,0.90695,0.2437,0.1708,0.09295
2016-08-08 11:29:00 -0400,0.7635,0.8366,0.9228,0.2364,0.1632,0.0771
2016-08-08 10:47:00 -0400,0.76115,0.83635,0.91745,0.2387,0.1634,0.08245
2016-08-08 10:21:00 -0400,0.759,0.8318,0.91685,0.24085,0.168,0.08305
2016-08-08 08:07:00 -0400,0.7603,0.8335,0.9185,0.23955,0.16625,0.0814
2016-08-07 14:25:00 -0400,0.76,0.83135,0.91555,0.2399,0.16845,0.08435
2016-08-07 07:24:00 -0400,0.7609,0.8344,0.91035,0.239,0.1653,0.08955
2016-08-07 02:18:00 -0400,0.75045,0.8187,0.90735,0.2494,0.1811,0.09245
2016-08-06 12:27:00 -0400,0.74925,0.81525,0.9146,0.25055,0.1845,0.0853
2016-08-05 15:51:00 -0400,0.7468,0.8153,0.91675,0.25305,0.1844,0.0831
2016-08-05 15:05:00 -0400,0.7537,0.81485,0.92455,0.24615,0.18485,0.07535
2016-08-05 13:48:00 -0400,0.74755,0.80955,0.9214,0.2523,0.1901,0.07845
2016-08-05 08:50:00 -0400,0.75355,0.81675,0.9285,0.24635,0.183,0.0714
2016-08-04 18:42:00 -0400,0.74415,0.79905,0.91525,0.25565,0.20075,0.08465
2016-08-04 18:16:00 -0400,0.7416,0.798,0.92435,0.2583,0.2017,0.0755
2016-08-04 14:11:00 -0400,0.73265,0.78415,0.9169,0.26725,0.2156,0.083
2016-08-04 12:44:00 -0400,0.7257,0.77675,0.9116,0.2742,0.22305,0.0883
2016-08-04 12:05:00 -0400,0.7279,0.777,0.91785,0.27195,0.22275,0.08205
2016-08-04 09:40:00 -0400,0.7257,0.7769,0.91565,0.27415,0.2229,0.08425
2016-08-04 09:15:00 -0400,0.7171,0.75895,0.89585,0.28275,0.24085,0.10405
2016-08-03 18:32:00 -0400,0.6941,0.73225,0.8864,0.30575,0.26745,0.1134
2016-08-03 17:14:00 -0400,0.6798,0.70385,0.8582,0.32005,0.2959,0.1417
2016-08-03 16:05:00 -0400,0.67435,0.70095,0.8565,0.3255,0.29885,0.1434
2016-08-03 14:59:00 -0400,0.6719,0.6967,0.85315,0.32795,0.30305,0.1467
2016-08-03 09:33:00 -0400,0.66495,0.68355,0.8499,0.3349,0.3161,0.14995
2016-08-02 17:43:00 -0400,0.6643,0.6795,0.8588,0.3356,0.3203,0.14105
2016-08-02 15:28:00 -0400,0.65765,0.66255,0.83685,0.3422,0.33715,0.163
2016-08-02 13:34:00 -0400,0.65425,0.661,0.8346,0.3456,0.3388,0.1653
2016-08-02 09:06:00 -0400,0.6901,0.65995,0.8348,0.30975,0.33975,0.16505
2016-08-01 21:58:00 -0400,0.6803,0.6483,0.83835,0.3195,0.35135,0.1615
2016-08-01 17:50:00 -0400,0.6772,0.6326,0.82245,0.32265,0.36715,0.17745
2016-08-01 17:00:00 -0400,0.668,0.6032,0.7832,0.33185,0.39655,0.2167
2016-08-01 15:26:00 -0400,0.62525,0.54205,0.65445,0.37455,0.45755,0.34545
2016-08-01 08:46:00 -0400,0.6184,0.5328,0.63625,0.3814,0.4669,0.3636
2016-07-31 09:02:00 -0400,0.6085,0.5098,0.5677,0.39135,0.48985,0.4322
2016-07-31 00:20:00 -0400,0.5992,0.4995,0.52675,0.40065,0.5002,0.47315
2016-07-30 14:36:00 -0400,0.61125,0.50915,0.51735,0.38865,0.4905,0.48255
2016-07-30 13:10:00 -0400,0.61735,0.51735,0.54365,0.38245,0.4823,0.4562
2016-07-29 22:38:00 -0400,0.61705,0.5282,0.48045,0.3828,0.47135,0.5194
2016-07-29 10:15:00 -0400,0.61675,0.53285,0.4839,0.38305,0.4667,0.5159
2016-07-28 12:47:00 -0400,0.61725,0.53575,0.47025,0.38255,0.46385,0.52955
2016-07-28 12:19:00 -0400,0.614,0.53125,0.45125,0.38575,0.46825,0.54855
2016-07-28 09:53:00 -0400,0.61295,0.5328,0.44635,0.38685,0.46685,0.55345
2016-07-28 08:42:00 -0400,0.6009,0.5259,0.42595,0.39895,0.47365,0.5738
2016-07-27 19:06:00 -0400,0.6017,0.52605,0.4463,0.3981,0.47345,0.55355
2016-07-27 18:15:00 -0400,0.597,0.52215,0.44525,0.4028,0.47735,0.5546
2016-07-27 08:27:00 -0400,0.60075,0.52445,0.4468,0.39905,0.4751,0.55305
2016-07-27 05:36:00 -0400,0.6013,0.5273,0.45,0.39855,0.4723,0.5498
2016-07-26 21:42:00 -0400,0.59815,0.52435,0.4503,0.4016,0.4753,0.5495
2016-07-26 10:06:00 -0400,0.59615,0.5316,0.4576,0.4036,0.46805,0.54225
2016-07-26 08:58:00 -0400,0.59515,0.53155,0.4593,0.4047,0.46795,0.5405
2016-07-25 20:05:00 -0400,0.5953,0.5388,0.4619,0.40455,0.46075,0.538
2016-07-25 18:04:00 -0400,0.59015,0.53,0.4443,0.40965,0.46965,0.55555
2016-07-25 17:35:00 -0400,0.5875,0.53425,0.44515,0.41235,0.46535,0.5546
2016-07-25 16:48:00 -0400,0.5895,0.53285,0.4404,0.4103,0.4667,0.55945
2016-07-25 15:21:00 -0400,0.58665,0.53885,0.45495,0.41315,0.46065,0.5449
2016-07-25 11:39:00 -0400,0.57815,0.5346,0.4328,0.42165,0.46485,0.56705
2016-07-25 08:41:00 -0400,0.5824,0.53725,0.42485,0.41735,0.46235,0.5749
2016-07-24 11:25:00 -0400,0.60415,0.5829,0.5598,0.3956,0.41655,0.44005
2016-07-24 04:21:00 -0400,0.60195,0.58285,0.5574,0.39785,0.41665,0.4423
2016-07-23 13:04:00 -0400,0.5975,0.5766,0.54285,0.40225,0.4228,0.457
2016-07-23 10:49:00 -0400,0.6033,0.5913,0.6065,0.39645,0.4081,0.3932
2016-07-22 19:05:00 -0400,0.5949,0.58545,0.6061,0.40485,0.4139,0.3936
2016-07-22 13:53:00 -0400,0.60035,0.59705,0.66195,0.39945,0.40245,0.3378
2016-07-22 08:10:00 -0400,0.5979,0.60225,0.64195,0.40185,0.39715,0.35775
2016-07-21 19:00:00 -0400,0.59875,0.6021,0.63295,0.40105,0.3974,0.3668
2016-07-21 12:49:00 -0400,0.60525,0.6102,0.64545,0.3945,0.3893,0.35425
2016-07-21 10:57:00 -0400,0.5992,0.60265,0.64205,0.40055,0.3969,0.35775
2016-07-21 10:02:00 -0400,0.603,0.6058,0.67575,0.3968,0.3937,0.324
2016-07-21 08:22:00 -0400,0.60695,0.61385,0.6438,0.39285,0.3856,0.35595
2016-07-20 08:11:00 -0400,0.61205,0.6177,0.6463,0.3877,0.3817,0.35345
2016-07-19 18:01:00 -0400,0.6062,0.6133,0.6224,0.39355,0.3863,0.3774
2016-07-19 16:15:00 -0400,0.61835,0.62555,0.6173,0.38135,0.3738,0.38245
2016-07-19 08:25:00 -0400,0.6243,0.63475,0.6581,0.3755,0.3648,0.3417
2016-07-19 08:00:00 -0400,0.6304,0.6436,0.6742,0.36935,0.35595,0.3257
2016-07-18 18:36:00 -0400,0.6296,0.6418,0.6772,0.37015,0.35765,0.32265
2016-07-18 17:36:00 -0400,0.6277,0.6382,0.67245,0.3721,0.3614,0.32735
2016-07-18 16:20:00 -0400,0.63195,0.643,0.6512,0.3678,0.35655,0.3486
2016-07-18 13:54:00 -0400,0.628,0.64015,0.65075,0.3718,0.3593,0.34915
2016-07-18 09:28:00 -0400,0.6348,0.6527,0.6768,0.3649,0.34665,0.32285
2016-07-18 08:21:00 -0400,0.63165,0.65275,0.67155,0.36805,0.34635,0.3281
2016-07-18 07:56:00 -0400,0.63435,0.6493,0.6681,0.36525,0.35005,0.33135
2016-07-17 19:10:00 -0400,0.63285,0.65015,0.667,0.3669,0.34915,0.33235
2016-07-17 11:50:00 -0400,0.63315,0.65315,0.6661,0.3665,0.3461,0.33345
2016-07-17 11:19:00 -0400,0.63215,0.64865,0.67185,0.36755,0.35045,0.3277
2016-07-16 15:16:00 -0400,0.63305,0.648,0.6367,0.36675,0.3513,0.3629
2016-07-16 14:47:00 -0400,0.64195,0.6586,0.66485,0.35775,0.34075,0.33475
2016-07-15 16:30:00 -0400,0.6496,0.66665,0.67625,0.3502,0.3327,0.3234
2016-07-15 12:59:00 -0400,0.6272,0.64135,0.5464,0.37255,0.3582,0.4534
2016-07-15 12:05:00 -0400,0.6294,0.64535,0.54935,0.37045,0.35415,0.45045
2016-07-15 08:38:00 -0400,0.6225,0.6446,0.54895,0.37725,0.3549,0.45085
2016-07-15 00:51:00 -0400,0.64075,0.66815,0.56955,0.359,0.33135,0.4303
2016-07-14 09:43:00 -0400,0.6328,0.66205,0.5385,0.36695,0.33735,0.46125
2016-07-14 09:18:00 -0400,0.6302,0.6606,0.5376,0.3696,0.3389,0.46215
2016-07-14 08:09:00 -0400,0.6716,0.70795,0.69575,0.32815,0.29155,0.3041
2016-07-13 18:32:00 -0400,0.67055,0.7096,0.6923,0.3292,0.28995,0.3075
2016-07-13 17:41:00 -0400,0.67205,0.70555,0.68635,0.32775,0.29395,0.3135
2016-07-13 14:04:00 -0400,0.66965,0.7073,0.6829,0.3302,0.29225,0.3169
2016-07-13 10:28:00 -0400,0.68695,0.72575,0.70895,0.31285,0.2738,0.2908
2016-07-12 15:18:00 -0400,0.7288,0.7743,0.8155,0.27105,0.22525,0.1843
2016-07-12 13:34:00 -0400,0.72485,0.76605,0.7623,0.27495,0.23325,0.23745
2016-07-12 09:53:00 -0400,0.7218,0.76785,0.7655,0.27805,0.2316,0.2342
2016-07-11 17:11:00 -0400,0.7242,0.77185,0.79075,0.27565,0.2278,0.209
2016-07-11 15:52:00 -0400,0.72915,0.77585,0.8052,0.2706,0.22365,0.19455
2016-07-11 13:59:00 -0400,0.73375,0.77635,0.80835,0.26605,0.2232,0.19135
2016-07-11 13:21:00 -0400,0.7332,0.77485,0.80805,0.2666,0.22475,0.1918
2016-07-11 11:21:00 -0400,0.734,0.78125,0.82075,0.2659,0.2183,0.1791
2016-07-08 17:20:00 -0400,0.7307,0.77965,0.829,0.2691,0.22,0.1708
2016-07-08 12:14:00 -0400,0.7277,0.77805,0.79995,0.2721,0.2215,0.1998
2016-07-08 10:45:00 -0400,0.72385,0.7738,0.7936,0.2759,0.22575,0.2062
2016-07-07 15:03:00 -0400,0.7201,0.77585,0.78735,0.27975,0.2237,0.2125
2016-07-07 13:59:00 -0400,0.71705,0.7737,0.7871,0.28275,0.2259,0.2127
2016-07-07 12:01:00 -0400,0.718,0.77415,0.7857,0.2819,0.22545,0.2141
2016-07-07 09:25:00 -0400,0.7171,0.77635,0.79535,0.2827,0.22315,0.2045
2016-07-06 11:50:00 -0400,0.71585,0.77535,0.7975,0.28395,0.2242,0.2024
2016-07-05 17:58:00 -0400,0.7144,0.77535,0.78515,0.28545,0.2242,0.21465
2016-07-05 16:30:00 -0400,0.71535,0.7728,0.7127,0.28445,0.22675,0.2871
2016-07-05 09:48:00 -0400,0.717,0.77195,0.7501,0.2828,0.22765,0.24975
2016-07-04 16:21:00 -0400,0.71885,0.7758,0.76625,0.28095,0.2237,0.23355
