timestamp,clinton,trump
2015-11-18 08:21:00 -0500,0.573,0.422
2015-11-18 12:28:00 -0500,0.573,0.422
2015-11-18 16:33:00 -0500,0.571,0.422
2015-11-18 20:39:00 -0500,0.571,0.422
2015-11-19 00:40:00 -0500,0.573,0.422
2015-11-19 04:48:00 -0500,0.573,0.422
2015-11-19 08:53:00 -0500,0.573,0.422
2015-11-19 12:56:00 -0500,0.573,0.422
2015-11-19 17:03:00 -0500,0.573,0.420
2015-11-19 21:09:00 -0500,0.573,0.422
2015-11-20 01:06:00 -0500,0.570,0.422
2015-11-20 05:14:00 -0500,0.570,0.422
2015-11-20 09:21:00 -0500,0.570,0.422
2015-11-20 13:23:00 -0500,0.570,0.424
2015-11-20 17:28:00 -0500,0.570,0.426
2015-11-20 21:33:00 -0500,0.570,0.426
2015-11-21 01:34:00 -0500,0.570,0.426
2015-11-21 05:42:00 -0500,0.570,0.426
2015-11-21 09:46:00 -0500,0.570,0.426
2015-11-21 13:51:00 -0500,0.570,0.426
2015-11-21 17:54:00 -0500,0.570,0.426
2015-11-21 21:59:00 -0500,0.570,0.426
2015-11-22 02:01:00 -0500,0.570,0.426
2015-11-22 06:06:00 -0500,0.570,0.426
2015-11-22 10:12:00 -0500,0.570,0.426
2015-11-22 14:18:00 -0500,0.570,0.426
2015-11-22 18:19:00 -0500,0.570,0.426
2015-11-22 22:28:00 -0500,0.570,0.426
2015-11-23 02:32:00 -0500,0.570,0.426
2015-11-23 05:44:00 -0500,0.570,0.426
2015-11-23 10:38:00 -0500,0.571,0.426
2015-11-23 14:51:00 -0500,0.571,0.424
2015-11-23 18:41:00 -0500,0.571,0.424
2015-11-23 22:59:00 -0500,0.571,0.424
2015-11-24 03:10:00 -0500,0.571,0.424
2015-11-24 07:12:00 -0500,0.571,0.424
2015-11-24 11:13:00 -0500,0.571,0.424
2015-11-24 15:16:00 -0500,0.571,0.424
2015-11-24 19:24:00 -0500,0.571,0.424
2015-11-24 23:26:00 -0500,0.571,0.424
2015-11-25 03:34:00 -0500,0.571,0.424
2015-11-25 07:37:00 -0500,0.571,0.424
2015-11-25 11:42:00 -0500,0.571,0.424
2015-11-25 15:46:00 -0500,0.571,0.424
2015-11-25 19:49:00 -0500,0.571,0.424
2015-11-25 23:52:00 -0500,0.571,0.424
2015-11-26 04:00:00 -0500,0.571,0.424
2015-11-26 08:02:00 -0500,0.571,0.424
2015-11-26 12:06:00 -0500,0.571,0.424
2015-11-26 16:13:00 -0500,0.571,0.424
2015-11-26 20:12:00 -0500,0.571,0.424
2015-11-27 00:17:00 -0500,0.571,0.424
2015-11-27 04:24:00 -0500,0.571,0.424
2015-11-27 08:28:00 -0500,0.571,0.424
2015-11-27 12:30:00 -0500,0.571,0.424
2015-11-27 16:39:00 -0500,0.571,0.424
2015-11-27 20:41:00 -0500,0.571,0.424
2015-11-28 00:43:00 -0500,0.571,0.424
2015-11-28 04:51:00 -0500,0.571,0.424
2015-11-28 08:53:00 -0500,0.571,0.424
2015-11-28 13:04:00 -0500,0.571,0.424
2015-11-28 17:06:00 -0500,0.571,0.424
2015-11-28 21:12:00 -0500,0.571,0.424
2015-11-29 01:14:00 -0500,0.573,0.424
2015-11-29 05:16:00 -0500,0.573,0.424
2015-11-29 09:21:00 -0500,0.573,0.426
2015-11-29 13:26:00 -0500,0.573,0.426
2015-11-29 17:31:00 -0500,0.578,0.422
2015-11-29 21:32:00 -0500,0.578,0.422
2015-11-29 23:55:00 -0500,0.576,0.422
2015-11-30 04:39:00 -0500,0.576,0.422
2015-11-30 14:45:00 -0500,0.576,0.422
2015-11-30 18:44:00 -0500,0.575,0.422
2015-11-30 22:56:00 -0500,0.575,0.422
2015-12-01 03:41:00 -0500,0.575,0.422
2015-12-01 09:08:00 -0500,0.575,0.422
2015-12-01 13:10:00 -0500,0.575,0.422
2015-12-01 17:11:00 -0500,0.575,0.422
2015-12-01 21:17:00 -0500,0.575,0.422
2015-12-02 01:18:00 -0500,0.575,0.422
2015-12-02 05:26:00 -0500,0.575,0.422
2015-12-02 09:31:00 -0500,0.575,0.422
2015-12-02 13:33:00 -0500,0.575,0.422
2015-12-02 17:38:00 -0500,0.575,0.422
2015-12-02 21:42:00 -0500,0.575,0.422
2015-12-03 01:43:00 -0500,0.576,0.422
2015-12-03 05:48:00 -0500,0.576,0.422
2015-12-03 09:51:00 -0500,0.576,0.422
2015-12-03 13:57:00 -0500,0.575,0.422
2015-12-03 18:01:00 -0500,0.575,0.422
2015-12-03 22:03:00 -0500,0.575,0.422
2015-12-04 02:02:00 -0500,0.575,0.422
2015-12-04 06:11:00 -0500,0.575,0.422
2015-12-04 10:15:00 -0500,0.575,0.422
2015-12-04 14:23:00 -0500,0.575,0.422
2015-12-04 18:24:00 -0500,0.575,0.422
2015-12-04 22:28:00 -0500,0.575,0.422
2015-12-05 02:35:00 -0500,0.573,0.422
2015-12-05 06:40:00 -0500,0.573,0.424
2015-12-05 10:48:00 -0500,0.573,0.424
2015-12-05 13:58:00 -0500,0.573,0.424
2015-12-05 18:57:00 -0500,0.573,0.424
2015-12-05 21:34:00 -0500,0.573,0.424
2015-12-06 02:03:00 -0500,0.573,0.424
2015-12-06 06:08:00 -0500,0.573,0.424
2015-12-06 10:11:00 -0500,0.573,0.424
2015-12-06 14:15:00 -0500,0.573,0.424
2015-12-06 18:19:00 -0500,0.573,0.424
2015-12-06 22:24:00 -0500,0.573,0.424
2015-12-07 02:27:00 -0500,0.573,0.424
2015-12-07 06:28:00 -0500,0.575,0.424
2015-12-07 10:37:00 -0500,0.577,0.424
2015-12-07 14:39:00 -0500,0.577,0.424
2015-12-07 18:39:00 -0500,0.578,0.424
2015-12-07 22:45:00 -0500,0.578,0.424
2015-12-08 02:52:00 -0500,0.576,0.424
2015-12-08 06:54:00 -0500,0.576,0.424
2015-12-08 10:57:00 -0500,0.576,0.422
2015-12-08 15:02:00 -0500,0.576,0.422
2015-12-08 19:07:00 -0500,0.576,0.422
2015-12-08 23:11:00 -0500,0.578,0.422
2015-12-09 03:16:00 -0500,0.578,0.422
2015-12-09 07:21:00 -0500,0.578,0.422
2015-12-09 11:20:00 -0500,0.578,0.422
2015-12-09 15:27:00 -0500,0.578,0.422
2015-12-09 19:31:00 -0500,0.578,0.422
2015-12-09 23:32:00 -0500,0.578,0.422
2015-12-10 03:39:00 -0500,0.578,0.422
2015-12-10 07:43:00 -0500,0.578,0.422
2015-12-10 11:44:00 -0500,0.578,0.418
2015-12-10 15:52:00 -0500,0.578,0.418
2015-12-10 19:50:00 -0500,0.578,0.418
2015-12-10 23:59:00 -0500,0.578,0.418
2015-12-11 04:04:00 -0500,0.578,0.418
2015-12-11 08:07:00 -0500,0.577,0.418
2015-12-11 12:09:00 -0500,0.578,0.418
2015-12-11 16:17:00 -0500,0.578,0.418
2015-12-11 20:18:00 -0500,0.587,0.412
2015-12-12 00:24:00 -0500,0.587,0.412
2015-12-12 04:25:00 -0500,0.587,0.415
2015-12-12 08:32:00 -0500,0.587,0.417
2015-12-12 12:36:00 -0500,0.587,0.415
2015-12-12 16:43:00 -0500,0.585,0.415
2015-12-12 20:47:00 -0500,0.585,0.415
2015-12-13 00:48:00 -0500,0.585,0.417
2015-12-13 04:55:00 -0500,0.585,0.417
2015-12-13 09:00:00 -0500,0.587,0.417
2015-12-13 13:02:00 -0500,0.587,0.417
2015-12-13 17:03:00 -0500,0.587,0.415
2015-12-13 21:04:00 -0500,0.587,0.415
2015-12-14 01:03:00 -0500,0.587,0.415
2015-12-14 05:00:00 -0500,0.588,0.415
2015-12-14 09:00:00 -0500,0.594,0.415
2015-12-14 12:54:00 -0500,0.594,0.407
2015-12-14 16:53:00 -0500,0.595,0.408
2015-12-14 20:54:00 -0500,0.595,0.408
2015-12-15 00:56:00 -0500,0.595,0.408
2015-12-15 04:59:00 -0500,0.595,0.408
2015-12-15 09:00:00 -0500,0.595,0.408
2015-12-15 12:56:00 -0500,0.595,0.408
2015-12-15 16:53:00 -0500,0.595,0.408
2015-12-15 20:47:00 -0500,0.595,0.408
2015-12-16 00:44:00 -0500,0.595,0.408
2015-12-16 04:46:00 -0500,0.595,0.408
2015-12-16 08:45:00 -0500,0.595,0.408
2015-12-16 12:48:00 -0500,0.595,0.408
2015-12-16 16:49:00 -0500,0.592,0.408
2015-12-16 20:52:00 -0500,0.592,0.408
2015-12-17 00:56:00 -0500,0.592,0.408
2015-12-17 04:54:00 -0500,0.592,0.408
2015-12-17 08:56:00 -0500,0.592,0.408
2015-12-17 12:55:00 -0500,0.592,0.408
2015-12-17 16:58:00 -0500,0.592,0.408
2015-12-17 21:00:00 -0500,0.592,0.408
2015-12-18 00:58:00 -0500,0.592,0.408
2015-12-18 04:58:00 -0500,0.592,0.408
2015-12-18 09:00:00 -0500,0.592,0.408
2015-12-18 12:58:00 -0500,0.592,0.408
2015-12-18 16:56:00 -0500,0.592,0.408
2015-12-18 20:52:00 -0500,0.592,0.410
2015-12-19 00:53:00 -0500,0.592,0.410
2015-12-19 04:54:00 -0500,0.592,0.410
2015-12-19 08:54:00 -0500,0.592,0.410
2015-12-19 12:52:00 -0500,0.592,0.410
2015-12-19 16:48:00 -0500,0.594,0.410
2015-12-19 20:47:00 -0500,0.594,0.410
2015-12-20 00:44:00 -0500,0.594,0.410
2015-12-20 04:45:00 -0500,0.594,0.410
2015-12-20 08:41:00 -0500,0.594,0.408
2015-12-20 12:41:00 -0500,0.595,0.408
2015-12-20 16:44:00 -0500,0.595,0.408
2015-12-20 20:45:00 -0500,0.595,0.408
2015-12-21 00:45:00 -0500,0.595,0.407
2015-12-21 04:47:00 -0500,0.595,0.407
2015-12-21 08:48:00 -0500,0.590,0.408
2015-12-21 12:45:00 -0500,0.590,0.408
2015-12-21 16:45:00 -0500,0.595,0.405
2015-12-21 20:42:00 -0500,0.595,0.405
2015-12-22 00:37:00 -0500,0.595,0.405
2015-12-22 04:39:00 -0500,0.597,0.407
2015-12-22 08:38:00 -0500,0.597,0.407
2015-12-22 12:38:00 -0500,0.597,0.405
2015-12-22 16:39:00 -0500,0.595,0.405
2015-12-22 20:39:00 -0500,0.595,0.405
2015-12-23 00:36:00 -0500,0.595,0.405
2015-12-23 04:37:00 -0500,0.595,0.405
2015-12-23 08:35:00 -0500,0.599,0.405
2015-12-23 12:33:00 -0500,0.599,0.405
2015-12-23 16:33:00 -0500,0.595,0.407
2015-12-23 20:34:00 -0500,0.592,0.407
2015-12-24 00:34:00 -0500,0.588,0.407
2015-12-24 04:33:00 -0500,0.590,0.407
2015-12-24 08:28:00 -0500,0.590,0.407
2015-12-24 12:29:00 -0500,0.590,0.407
2015-12-24 16:29:00 -0500,0.597,0.402
2015-12-24 20:29:00 -0500,0.597,0.402
2015-12-25 00:26:00 -0500,0.597,0.402
2015-12-25 04:26:00 -0500,0.597,0.403
2015-12-25 08:26:00 -0500,0.597,0.403
2015-12-25 12:24:00 -0500,0.597,0.403
2015-12-25 16:23:00 -0500,0.601,0.403
2015-12-25 20:22:00 -0500,0.601,0.403
2015-12-26 00:18:00 -0500,0.601,0.403
2015-12-26 04:17:00 -0500,0.601,0.403
2015-12-26 08:12:00 -0500,0.599,0.403
2015-12-26 12:15:00 -0500,0.601,0.403
2015-12-26 16:15:00 -0500,0.601,0.403
2015-12-26 20:20:00 -0500,0.601,0.403
2015-12-27 00:19:00 -0500,0.601,0.403
2015-12-27 04:17:00 -0500,0.601,0.403
2015-12-27 08:15:00 -0500,0.601,0.403
2015-12-27 12:14:00 -0500,0.599,0.403
2015-12-27 16:12:00 -0500,0.599,0.403
2015-12-27 20:12:00 -0500,0.597,0.403
2015-12-28 00:12:00 -0500,0.597,0.403
2015-12-28 04:13:00 -0500,0.597,0.403
2015-12-28 08:12:00 -0500,0.597,0.403
2015-12-28 12:12:00 -0500,0.597,0.403
2015-12-28 16:08:00 -0500,0.597,0.403
2015-12-28 20:09:00 -0500,0.597,0.403
2015-12-29 00:06:00 -0500,0.597,0.403
2015-12-29 04:05:00 -0500,0.597,0.403
2015-12-29 08:07:00 -0500,0.597,0.403
2015-12-29 12:02:00 -0500,0.599,0.403
2015-12-29 16:02:00 -0500,0.599,0.403
2015-12-29 20:04:00 -0500,0.599,0.403
2015-12-30 00:05:00 -0500,0.599,0.403
2015-12-30 04:04:00 -0500,0.601,0.403
2015-12-30 08:03:00 -0500,0.601,0.403
2015-12-30 12:02:00 -0500,0.599,0.403
2015-12-30 16:06:00 -0500,0.608,0.403
2015-12-30 20:08:00 -0500,0.608,0.403
2015-12-31 00:09:00 -0500,0.608,0.403
2015-12-31 04:04:00 -0500,0.608,0.403
2015-12-31 08:04:00 -0500,0.608,0.403
2015-12-31 12:07:00 -0500,0.608,0.403
2015-12-31 16:05:00 -0500,0.608,0.403
2015-12-31 20:07:00 -0500,0.608,0.403
2016-01-01 00:11:00 -0500,0.608,0.403
2016-01-01 04:07:00 -0500,0.608,0.403
2016-01-01 08:05:00 -0500,0.608,0.403
2016-01-01 12:08:00 -0500,0.608,0.403
2016-01-01 16:12:00 -0500,0.606,0.403
2016-01-01 20:14:00 -0500,0.606,0.403
2016-01-02 00:14:00 -0500,0.606,0.403
2016-01-02 04:10:00 -0500,0.606,0.403
2016-01-02 08:12:00 -0500,0.601,0.403
2016-01-02 12:11:00 -0500,0.601,0.403
2016-01-02 16:08:00 -0500,0.604,0.403
2016-01-02 20:08:00 -0500,0.604,0.403
2016-01-03 00:06:00 -0500,0.604,0.403
2016-01-03 04:07:00 -0500,0.604,0.403
2016-01-03 08:10:00 -0500,0.604,0.403
2016-01-03 12:10:00 -0500,0.604,0.403
2016-01-03 16:08:00 -0500,0.604,0.403
2016-01-03 20:07:00 -0500,0.604,0.403
2016-01-04 00:05:00 -0500,0.604,0.403
2016-01-04 03:56:00 -0500,0.604,0.403
2016-01-04 07:57:00 -0500,0.604,0.402
2016-01-04 11:58:00 -0500,0.604,0.402
2016-01-04 15:56:00 -0500,0.604,0.402
2016-01-04 19:55:00 -0500,0.604,0.402
2016-01-04 23:50:00 -0500,0.604,0.402
2016-01-05 03:54:00 -0500,0.604,0.402
2016-01-05 07:56:00 -0500,0.604,0.402
2016-01-05 11:59:00 -0500,0.604,0.402
2016-01-05 16:02:00 -0500,0.604,0.402
2016-01-05 19:59:00 -0500,0.604,0.402
2016-01-05 23:58:00 -0500,0.604,0.402
2016-01-06 03:59:00 -0500,0.604,0.402
2016-01-06 07:56:00 -0500,0.601,0.402
2016-01-06 11:55:00 -0500,0.602,0.402
2016-01-06 15:56:00 -0500,0.604,0.402
2016-01-06 19:59:00 -0500,0.604,0.402
2016-01-07 00:01:00 -0500,0.604,0.402
2016-01-07 04:05:00 -0500,0.604,0.402
2016-01-07 08:08:00 -0500,0.604,0.402
2016-01-07 12:04:00 -0500,0.604,0.402
2016-01-07 16:05:00 -0500,0.604,0.402
2016-01-07 20:09:00 -0500,0.604,0.402
2016-01-08 00:07:00 -0500,0.604,0.402
2016-01-08 04:07:00 -0500,0.604,0.402
2016-01-08 08:04:00 -0500,0.604,0.402
2016-01-08 12:09:00 -0500,0.604,0.402
2016-01-08 16:08:00 -0500,0.604,0.402
2016-01-08 20:04:00 -0500,0.602,0.402
2016-01-09 00:05:00 -0500,0.602,0.402
2016-01-09 04:06:00 -0500,0.601,0.402
2016-01-09 08:04:00 -0500,0.601,0.402
2016-01-09 12:03:00 -0500,0.601,0.402
2016-01-09 16:06:00 -0500,0.601,0.402
2016-01-09 20:06:00 -0500,0.601,0.402
2016-01-10 00:01:00 -0500,0.601,0.402
2016-01-10 03:59:00 -0500,0.601,0.402
2016-01-10 07:59:00 -0500,0.601,0.402
2016-01-10 11:58:00 -0500,0.601,0.402
2016-01-10 16:02:00 -0500,0.601,0.402
2016-01-10 20:02:00 -0500,0.602,0.402
2016-01-11 00:05:00 -0500,0.602,0.402
2016-01-11 04:04:00 -0500,0.602,0.402
2016-01-11 08:10:00 -0500,0.602,0.403
2016-01-11 12:10:00 -0500,0.602,0.403
2016-01-11 16:13:00 -0500,0.602,0.403
2016-01-11 20:16:00 -0500,0.602,0.403
2016-01-12 00:17:00 -0500,0.602,0.403
2016-01-12 04:15:00 -0500,0.602,0.403
2016-01-12 08:15:00 -0500,0.602,0.403
2016-01-12 12:15:00 -0500,0.602,0.403
2016-01-12 16:15:00 -0500,0.595,0.412
2016-01-12 20:18:00 -0500,0.585,0.412
2016-01-13 00:18:00 -0500,0.587,0.412
2016-01-13 04:17:00 -0500,0.588,0.412
2016-01-13 08:19:00 -0500,0.585,0.412
2016-01-13 12:17:00 -0500,0.585,0.412
2016-01-13 16:14:00 -0500,0.585,0.412
2016-01-13 20:15:00 -0500,0.588,0.412
2016-01-14 00:14:00 -0500,0.588,0.412
2016-01-14 04:13:00 -0500,0.588,0.412
2016-01-14 08:15:00 -0500,0.590,0.412
2016-01-14 12:10:00 -0500,0.590,0.412
2016-01-14 16:12:00 -0500,0.590,0.412
2016-01-14 20:14:00 -0500,0.590,0.412
2016-01-15 00:09:00 -0500,0.590,0.412
2016-01-15 04:10:00 -0500,0.590,0.412
2016-01-15 08:08:00 -0500,0.590,0.410
2016-01-15 12:10:00 -0500,0.590,0.410
2016-01-15 16:07:00 -0500,0.587,0.410
2016-01-15 20:06:00 -0500,0.587,0.410
2016-01-16 00:03:00 -0500,0.587,0.410
2016-01-16 04:06:00 -0500,0.587,0.410
2016-01-16 06:15:00 -0500,0.587,0.410
2016-01-16 10:01:00 -0500,0.588,0.410
2016-01-16 13:52:00 -0500,0.588,0.410
2016-01-16 17:55:00 -0500,0.588,0.410
2016-01-16 21:54:00 -0500,0.588,0.410
2016-01-17 01:48:00 -0500,0.588,0.410
2016-01-17 05:46:00 -0500,0.588,0.410
2016-01-17 09:08:00 -0500,0.588,0.410
2016-01-17 11:58:00 -0500,0.588,0.410
2016-01-17 15:57:00 -0500,0.588,0.410
2016-01-17 19:58:00 -0500,0.588,0.418
2016-01-17 23:56:00 -0500,0.588,0.418
2016-01-18 02:09:00 -0500,0.588,0.418
2016-01-18 02:09:00 -0500,0.588,0.418
2016-01-18 02:09:00 -0500,0.588,0.418
2016-01-18 02:09:00 -0500,0.588,0.418
2016-01-18 02:09:00 -0500,0.588,0.418
2016-01-18 02:09:00 -0500,0.588,0.418
2016-01-18 02:09:00 -0500,0.588,0.418
2016-01-18 02:09:00 -0500,0.588,0.418
2016-01-18 02:09:00 -0500,0.588,0.418
2016-01-18 02:09:00 -0500,0.588,0.418
2016-01-18 02:09:00 -0500,0.588,0.418
2016-01-18 02:09:00 -0500,0.588,0.418
2016-01-18 07:16:00 -0500,0.588,0.418
2016-01-18 11:20:00 -0500,0.588,0.412
2016-01-18 15:09:00 -0500,0.588,0.413
2016-01-18 18:55:00 -0500,0.594,0.413
2016-01-18 22:25:00 -0500,0.594,0.410
2016-01-19 02:24:00 -0500,0.594,0.410
2016-01-19 06:27:00 -0500,0.594,0.412
2016-01-19 10:26:00 -0500,0.594,0.412
2016-01-19 14:25:00 -0500,0.594,0.412
2016-01-19 18:22:00 -0500,0.594,0.412
2016-01-19 22:23:00 -0500,0.594,0.412
2016-01-20 02:23:00 -0500,0.592,0.412
2016-01-20 06:22:00 -0500,0.594,0.407
2016-01-20 10:23:00 -0500,0.595,0.407
2016-01-20 14:23:00 -0500,0.595,0.407
2016-01-20 18:23:00 -0500,0.595,0.407
2016-01-20 22:25:00 -0500,0.595,0.407
2016-01-21 02:23:00 -0500,0.595,0.407
2016-01-21 06:19:00 -0500,0.595,0.407
2016-01-21 10:19:00 -0500,0.595,0.407
2016-01-21 14:23:00 -0500,0.595,0.407
2016-01-21 18:26:00 -0500,0.595,0.407
2016-01-21 22:23:00 -0500,0.582,0.404
2016-01-22 02:27:00 -0500,0.590,0.407
2016-01-22 06:28:00 -0500,0.592,0.387
2016-01-22 10:27:00 -0500,0.592,0.387
2016-01-22 14:23:00 -0500,0.588,0.387
2016-01-22 18:21:00 -0500,0.595,0.383
2016-01-22 22:24:00 -0500,0.597,0.383
2016-01-23 02:27:00 -0500,0.599,0.382
2016-01-23 06:28:00 -0500,0.597,0.384
2016-01-23 10:32:00 -0500,0.597,0.384
2016-01-23 14:32:00 -0500,0.597,0.384
2016-01-23 18:30:00 -0500,0.592,0.387
2016-01-23 22:30:00 -0500,0.592,0.387
2016-01-24 02:29:00 -0500,0.592,0.387
2016-01-24 06:30:00 -0500,0.592,0.388
2016-01-24 10:27:00 -0500,0.594,0.388
2016-01-24 14:25:00 -0500,0.594,0.388
2016-01-24 18:24:00 -0500,0.594,0.388
2016-01-24 22:19:00 -0500,0.594,0.388
2016-01-25 02:18:00 -0500,0.594,0.388
2016-01-25 06:16:00 -0500,0.595,0.390
2016-01-25 10:14:00 -0500,0.595,0.396
2016-01-25 14:12:00 -0500,0.597,0.394
2016-01-25 18:12:00 -0500,0.595,0.396
2016-01-25 22:13:00 -0500,0.595,0.396
2016-01-26 02:11:00 -0500,0.595,0.396
2016-01-26 06:12:00 -0500,0.595,0.396
2016-01-26 10:13:00 -0500,0.595,0.397
2016-01-26 14:09:00 -0500,0.595,0.397
2016-01-26 18:07:00 -0500,0.595,0.397
2016-01-26 22:06:00 -0500,0.595,0.397
2016-01-27 02:06:00 -0500,0.595,0.397
2016-01-27 06:10:00 -0500,0.597,0.399
2016-01-27 10:05:00 -0500,0.592,0.399
2016-01-27 14:07:00 -0500,0.602,0.399
2016-01-27 18:06:00 -0500,0.601,0.399
2016-01-27 22:05:00 -0500,0.601,0.399
2016-01-28 02:04:00 -0500,0.601,0.399
2016-01-28 06:00:00 -0500,0.601,0.399
2016-01-28 09:57:00 -0500,0.601,0.399
2016-01-28 13:57:00 -0500,0.601,0.397
2016-01-28 17:58:00 -0500,0.601,0.397
2016-01-28 21:57:00 -0500,0.601,0.397
2016-01-29 01:55:00 -0500,0.601,0.397
2016-01-29 06:00:00 -0500,0.599,0.397
2016-01-29 10:04:00 -0500,0.599,0.397
2016-01-29 14:00:00 -0500,0.599,0.394
2016-01-29 17:58:00 -0500,0.601,0.394
2016-01-29 21:57:00 -0500,0.602,0.394
2016-01-30 01:57:00 -0500,0.602,0.394
2016-01-30 05:55:00 -0500,0.602,0.394
2016-01-30 09:57:00 -0500,0.602,0.394
2016-01-30 13:57:00 -0500,0.601,0.394
2016-01-30 17:54:00 -0500,0.601,0.394
2016-01-30 21:51:00 -0500,0.601,0.394
2016-01-31 01:49:00 -0500,0.599,0.394
2016-01-31 05:49:00 -0500,0.599,0.394
2016-01-31 09:53:00 -0500,0.601,0.395
2016-01-31 13:51:00 -0500,0.601,0.395
2016-01-31 17:50:00 -0500,0.597,0.402
2016-01-31 21:54:00 -0500,0.597,0.400
2016-02-01 01:57:00 -0500,0.597,0.400
2016-02-01 05:56:00 -0500,0.597,0.400
2016-02-01 09:58:00 -0500,0.592,0.400
2016-02-01 13:57:00 -0500,0.603,0.394
2016-02-01 17:59:00 -0500,0.613,0.394
2016-02-01 21:41:00 -0500,0.622,0.397
2016-02-02 01:40:00 -0500,0.622,0.400
2016-02-02 05:45:00 -0500,0.597,0.397
2016-02-02 09:48:00 -0500,0.601,0.405
2016-02-02 13:48:00 -0500,0.592,0.407
2016-02-02 17:49:00 -0500,0.590,0.407
2016-02-02 21:48:00 -0500,0.590,0.407
2016-02-03 01:46:00 -0500,0.590,0.407
2016-02-03 05:46:00 -0500,0.590,0.407
2016-02-03 09:47:00 -0500,0.590,0.407
2016-02-03 13:44:00 -0500,0.587,0.407
2016-02-03 17:48:00 -0500,0.577,0.405
2016-02-03 21:45:00 -0500,0.577,0.413
2016-02-04 01:45:00 -0500,0.577,0.418
2016-02-04 05:50:00 -0500,0.577,0.418
2016-02-04 09:49:00 -0500,0.575,0.418
2016-02-04 13:50:00 -0500,0.573,0.418
2016-02-04 17:49:00 -0500,0.576,0.424
2016-02-04 21:48:00 -0500,0.578,0.424
2016-02-05 01:47:00 -0500,0.578,0.424
2016-02-05 05:47:00 -0500,0.578,0.424
2016-02-05 09:47:00 -0500,0.576,0.422
2016-02-05 13:43:00 -0500,0.576,0.422
2016-02-05 17:42:00 -0500,0.571,0.424
2016-02-05 21:41:00 -0500,0.575,0.424
2016-02-06 01:43:00 -0500,0.575,0.424
2016-02-06 05:45:00 -0500,0.575,0.424
2016-02-06 09:46:00 -0500,0.578,0.420
2016-02-06 13:47:00 -0500,0.578,0.424
2016-02-06 17:48:00 -0500,0.578,0.424
2016-02-06 21:48:00 -0500,0.578,0.424
2016-02-07 01:49:00 -0500,0.578,0.424
2016-02-07 05:49:00 -0500,0.580,0.424
2016-02-07 09:54:00 -0500,0.580,0.424
2016-02-07 13:58:00 -0500,0.582,0.426
2016-02-07 18:00:00 -0500,0.580,0.437
2016-02-07 22:01:00 -0500,0.580,0.435
2016-02-08 02:01:00 -0500,0.577,0.435
2016-02-08 06:06:00 -0500,0.577,0.435
2016-02-08 10:09:00 -0500,0.577,0.435
2016-02-08 14:13:00 -0500,0.577,0.435
2016-02-08 18:14:00 -0500,0.575,0.428
2016-02-08 22:14:00 -0500,0.576,0.428
2016-02-09 02:17:00 -0500,0.576,0.428
2016-02-09 06:17:00 -0500,0.578,0.426
2016-02-09 10:19:00 -0500,0.576,0.426
2016-02-09 14:24:00 -0500,0.576,0.426
2016-02-09 18:27:00 -0500,0.578,0.426
2016-02-09 22:30:00 -0500,0.582,0.426
2016-02-10 02:35:00 -0500,0.585,0.416
2016-02-10 06:39:00 -0500,0.587,0.415
2016-02-10 10:43:00 -0500,0.587,0.414
2016-02-10 14:48:00 -0500,0.587,0.414
2016-02-10 18:50:00 -0500,0.597,0.414
2016-02-10 22:51:00 -0500,0.597,0.414
2016-02-11 02:53:00 -0500,0.597,0.414
2016-02-11 06:55:00 -0500,0.597,0.414
2016-02-11 10:58:00 -0500,0.592,0.407
2016-02-11 15:02:00 -0500,0.592,0.414
2016-02-11 19:05:00 -0500,0.592,0.414
2016-02-11 23:09:00 -0500,0.590,0.414
2016-02-12 03:09:00 -0500,0.590,0.414
2016-02-12 07:11:00 -0500,0.590,0.414
2016-02-12 11:11:00 -0500,0.590,0.414
2016-02-12 15:12:00 -0500,0.590,0.414
2016-02-12 19:17:00 -0500,0.599,0.414
2016-02-12 23:20:00 -0500,0.599,0.414
2016-02-13 03:25:00 -0500,0.599,0.414
2016-02-13 07:28:00 -0500,0.601,0.414
2016-02-13 11:28:00 -0500,0.601,0.414
2016-02-13 15:30:00 -0500,0.604,0.414
2016-02-13 19:34:00 -0500,0.604,0.410
2016-02-13 23:38:00 -0500,0.603,0.420
2016-02-14 03:38:00 -0500,0.594,0.414
2016-02-14 07:44:00 -0500,0.592,0.414
2016-02-14 11:47:00 -0500,0.585,0.414
2016-02-14 15:51:00 -0500,0.597,0.414
2016-02-14 19:54:00 -0500,0.597,0.414
2016-02-14 23:54:00 -0500,0.597,0.414
2016-02-15 03:57:00 -0500,0.595,0.415
2016-02-15 08:02:00 -0500,0.595,0.414
2016-02-15 12:03:00 -0500,0.595,0.414
2016-02-15 16:05:00 -0500,0.594,0.410
2016-02-15 20:07:00 -0500,0.594,0.410
2016-02-16 00:08:00 -0500,0.594,0.410
2016-02-16 04:12:00 -0500,0.594,0.410
2016-02-16 08:14:00 -0500,0.594,0.408
2016-02-16 12:14:00 -0500,0.594,0.408
2016-02-16 16:17:00 -0500,0.594,0.407
2016-02-16 20:22:00 -0500,0.594,0.407
2016-02-17 00:26:00 -0500,0.594,0.407
2016-02-17 04:27:00 -0500,0.594,0.407
2016-02-17 08:29:00 -0500,0.594,0.405
2016-02-17 12:30:00 -0500,0.594,0.405
2016-02-17 16:34:00 -0500,0.594,0.427
2016-02-17 20:35:00 -0500,0.595,0.408
2016-02-18 00:37:00 -0500,0.595,0.408
2016-02-18 04:39:00 -0500,0.594,0.412
2016-02-18 08:41:00 -0500,0.594,0.412
2016-02-18 12:42:00 -0500,0.594,0.412
2016-02-18 16:45:00 -0500,0.592,0.417
2016-02-18 20:49:00 -0500,0.592,0.417
2016-02-19 00:53:00 -0500,0.592,0.413
2016-02-19 04:54:00 -0500,0.592,0.413
2016-02-19 08:56:00 -0500,0.590,0.413
2016-02-19 12:56:00 -0500,0.590,0.413
2016-02-19 16:56:00 -0500,0.590,0.412
2016-02-19 21:00:00 -0500,0.599,0.410
2016-02-20 01:05:00 -0500,0.599,0.410
2016-02-20 05:10:00 -0500,0.599,0.408
2016-02-20 09:15:00 -0500,0.597,0.402
2016-02-20 13:19:00 -0500,0.590,0.402
2016-02-20 17:20:00 -0500,0.592,0.400
2016-02-20 21:24:00 -0500,0.588,0.408
2016-02-21 01:26:00 -0500,0.588,0.408
2016-02-21 05:31:00 -0500,0.588,0.408
2016-02-21 09:36:00 -0500,0.588,0.405
2016-02-21 13:37:00 -0500,0.587,0.410
2016-02-21 17:40:00 -0500,0.587,0.417
2016-02-21 21:42:00 -0500,0.585,0.417
2016-02-22 01:43:00 -0500,0.585,0.417
2016-02-22 05:49:00 -0500,0.583,0.415
2016-02-22 09:52:00 -0500,0.587,0.434
2016-02-22 13:55:00 -0500,0.583,0.415
2016-02-22 17:58:00 -0500,0.583,0.415
2016-02-22 22:02:00 -0500,0.581,0.415
2016-02-23 02:07:00 -0500,0.583,0.415
2016-02-23 06:11:00 -0500,0.583,0.412
2016-02-23 10:16:00 -0500,0.590,0.413
2016-02-23 14:21:00 -0500,0.592,0.413
2016-02-23 18:25:00 -0500,0.592,0.413
2016-02-23 22:29:00 -0500,0.594,0.397
2016-02-24 02:32:00 -0500,0.595,0.397
2016-02-24 06:36:00 -0500,0.608,0.402
2016-02-24 10:40:00 -0500,0.608,0.397
2016-02-24 14:45:00 -0500,0.604,0.388
2016-02-24 18:46:00 -0500,0.608,0.382
2016-02-24 22:51:00 -0500,0.608,0.387
2016-02-25 02:52:00 -0500,0.608,0.387
2016-02-25 06:52:00 -0500,0.608,0.387
2016-02-25 10:56:00 -0500,0.608,0.388
2016-02-25 15:00:00 -0500,0.608,0.383
2016-02-25 19:03:00 -0500,0.608,0.385
2016-02-25 23:08:00 -0500,0.608,0.385
2016-02-26 03:11:00 -0500,0.608,0.385
2016-02-26 07:12:00 -0500,0.608,0.386
2016-02-26 11:16:00 -0500,0.608,0.386
2016-02-26 15:21:00 -0500,0.614,0.383
2016-02-26 19:22:00 -0500,0.606,0.385
2016-02-26 23:22:00 -0500,0.605,0.385
2016-02-27 03:26:00 -0500,0.606,0.385
2016-02-27 07:30:00 -0500,0.606,0.383
2016-02-27 11:33:00 -0500,0.606,0.385
2016-02-27 15:38:00 -0500,0.612,0.385
2016-02-27 19:43:00 -0500,0.612,0.385
2016-02-27 23:43:00 -0500,0.610,0.382
2016-02-28 03:48:00 -0500,0.614,0.382
2016-02-28 07:52:00 -0500,0.631,0.382
2016-02-28 11:56:00 -0500,0.631,0.376
2016-02-28 15:58:00 -0500,0.631,0.375
2016-02-28 19:58:00 -0500,0.631,0.375
2016-02-28 23:59:00 -0500,0.635,0.365
2016-02-29 04:04:00 -0500,0.635,0.365
2016-02-29 08:07:00 -0500,0.652,0.349
2016-02-29 12:10:00 -0500,0.641,0.349
2016-02-29 16:11:00 -0500,0.639,0.349
2016-02-29 21:02:00 -0500,0.643,0.349
2016-03-01 02:58:00 -0500,0.643,0.348
2016-03-01 07:41:00 -0500,0.643,0.349
2016-03-01 12:11:00 -0500,0.643,0.348
2016-03-01 17:33:00 -0500,0.652,0.348
2016-03-01 21:35:00 -0500,0.639,0.348
2016-03-02 01:36:00 -0500,0.645,0.350
2016-03-02 05:41:00 -0500,0.649,0.350
2016-03-02 09:46:00 -0500,0.639,0.349
2016-03-02 13:49:00 -0500,0.643,0.347
2016-03-02 17:52:00 -0500,0.643,0.349
2016-03-02 21:56:00 -0500,0.639,0.378
2016-03-03 02:00:00 -0500,0.641,0.378
2016-03-03 06:03:00 -0500,0.641,0.377
2016-03-03 10:07:00 -0500,0.641,0.363
2016-03-03 14:12:00 -0500,0.641,0.368
2016-03-03 18:16:00 -0500,0.637,0.367
2016-03-03 22:21:00 -0500,0.639,0.367
2016-03-04 02:21:00 -0500,0.639,0.366
2016-03-04 06:26:00 -0500,0.635,0.363
2016-03-04 10:27:00 -0500,0.635,0.363
2016-03-04 14:31:00 -0500,0.643,0.361
2016-03-04 18:34:00 -0500,0.643,0.359
2016-03-04 22:38:00 -0500,0.641,0.357
2016-03-05 02:40:00 -0500,0.639,0.357
2016-03-05 06:44:00 -0500,0.641,0.357
2016-03-05 10:49:00 -0500,0.656,0.351
2016-03-05 14:51:00 -0500,0.656,0.351
2016-03-05 18:52:00 -0500,0.656,0.336
2016-03-05 22:57:00 -0500,0.650,0.329
2016-03-06 02:58:00 -0500,0.647,0.329
2016-03-06 07:02:00 -0500,0.658,0.333
2016-03-06 11:04:00 -0500,0.658,0.334
2016-03-06 15:04:00 -0500,0.656,0.336
2016-03-06 19:06:00 -0500,0.643,0.345
2016-03-06 23:06:00 -0500,0.645,0.345
2016-03-07 03:11:00 -0500,0.645,0.345
2016-03-07 07:12:00 -0500,0.652,0.338
2016-03-07 11:16:00 -0500,0.654,0.339
2016-03-07 15:18:00 -0500,0.662,0.339
2016-03-07 19:20:00 -0500,0.676,0.331
2016-03-07 23:23:00 -0500,0.674,0.331
2016-03-08 03:28:00 -0500,0.676,0.328
2016-03-08 07:31:00 -0500,0.671,0.328
2016-03-08 11:34:00 -0500,0.671,0.328
2016-03-08 15:37:00 -0500,0.667,0.334
2016-03-08 19:41:00 -0500,0.671,0.341
2016-03-08 23:43:00 -0500,0.671,0.340
2016-03-09 03:46:00 -0500,0.669,0.333
2016-03-09 07:51:00 -0500,0.678,0.333
2016-03-09 11:56:00 -0500,0.674,0.328
2016-03-09 15:58:00 -0500,0.685,0.323
2016-03-09 19:58:00 -0500,0.685,0.315
2016-03-10 00:01:00 -0500,0.685,0.329
2016-03-10 04:03:00 -0500,0.685,0.329
2016-03-10 08:06:00 -0500,0.687,0.329
2016-03-10 12:08:00 -0500,0.683,0.329
2016-03-10 16:10:00 -0500,0.665,0.329
2016-03-10 20:14:00 -0500,0.667,0.329
2016-03-11 00:15:00 -0500,0.665,0.329
2016-03-11 04:19:00 -0500,0.671,0.331
2016-03-11 08:21:00 -0500,0.690,0.330
2016-03-11 12:24:00 -0500,0.688,0.330
2016-03-11 16:27:00 -0500,0.685,0.328
2016-03-11 20:30:00 -0500,0.688,0.328
2016-03-12 00:33:00 -0500,0.688,0.328
2016-03-12 04:35:00 -0500,0.690,0.323
2016-03-12 08:36:00 -0500,0.690,0.323
2016-03-12 12:40:00 -0500,0.690,0.323
2016-03-12 16:45:00 -0500,0.690,0.323
2016-03-12 20:47:00 -0500,0.690,0.328
2016-03-13 00:52:00 -0500,0.690,0.328
2016-03-13 05:56:00 -0400,0.685,0.328
2016-03-13 09:56:00 -0400,0.685,0.328
2016-03-13 13:59:00 -0400,0.687,0.318
2016-03-13 18:03:00 -0400,0.690,0.318
2016-03-13 22:06:00 -0400,0.692,0.318
2016-03-14 02:09:00 -0400,0.692,0.311
2016-03-14 06:11:00 -0400,0.692,0.311
2016-03-14 10:14:00 -0400,0.692,0.311
2016-03-14 14:17:00 -0400,0.685,0.311
2016-03-14 18:18:00 -0400,0.685,0.311
2016-03-14 22:21:00 -0400,0.687,0.311
2016-03-15 02:24:00 -0400,0.687,0.311
2016-03-15 06:24:00 -0400,0.687,0.311
2016-03-15 10:28:00 -0400,0.695,0.311
2016-03-15 14:30:00 -0400,0.695,0.308
2016-03-15 18:32:00 -0400,0.702,0.308
2016-03-15 22:32:00 -0400,0.722,0.254
2016-03-16 02:36:00 -0400,0.720,0.278
2016-03-16 06:40:00 -0400,0.722,0.276
2016-03-16 10:41:00 -0400,0.720,0.243
2016-03-16 14:42:00 -0400,0.720,0.287
2016-03-16 18:45:00 -0400,0.712,0.287
2016-03-16 22:51:00 -0400,0.720,0.285
2016-03-17 02:53:00 -0400,0.720,0.285
2016-03-17 06:56:00 -0400,0.720,0.285
2016-03-17 10:59:00 -0400,0.720,0.285
2016-03-17 15:02:00 -0400,0.720,0.289
2016-03-17 19:06:00 -0400,0.727,0.252
2016-03-17 23:06:00 -0400,0.730,0.252
2016-03-18 03:11:00 -0400,0.730,0.247
2016-03-18 07:18:00 -0400,0.727,0.245
2016-03-18 11:23:00 -0400,0.727,0.276
2016-03-18 15:23:00 -0400,0.727,0.278
2016-03-18 19:29:00 -0400,0.730,0.278
2016-03-18 23:33:00 -0400,0.730,0.276
2016-03-19 03:38:00 -0400,0.730,0.276
2016-03-19 07:40:00 -0400,0.730,0.274
2016-03-19 11:43:00 -0400,0.730,0.274
2016-03-19 15:44:00 -0400,0.733,0.272
2016-03-19 19:44:00 -0400,0.733,0.272
2016-03-19 23:49:00 -0400,0.733,0.272
2016-03-20 03:54:00 -0400,0.733,0.272
2016-03-20 07:58:00 -0400,0.730,0.272
2016-03-20 12:01:00 -0400,0.730,0.272
2016-03-20 16:02:00 -0400,0.730,0.272
2016-03-20 20:05:00 -0400,0.730,0.272
2016-03-21 00:10:00 -0400,0.730,0.272
2016-03-21 04:15:00 -0400,0.730,0.272
2016-03-21 08:18:00 -0400,0.730,0.272
2016-03-21 12:22:00 -0400,0.730,0.272
2016-03-21 16:27:00 -0400,0.727,0.272
2016-03-21 20:28:00 -0400,0.730,0.272
2016-03-22 00:29:00 -0400,0.727,0.272
2016-03-22 04:31:00 -0400,0.727,0.272
2016-03-22 08:31:00 -0400,0.727,0.272
2016-03-22 12:32:00 -0400,0.727,0.272
2016-03-22 16:32:00 -0400,0.727,0.274
2016-03-22 20:35:00 -0400,0.727,0.274
2016-03-23 00:39:00 -0400,0.727,0.274
2016-03-23 04:39:00 -0400,0.710,0.274
2016-03-23 08:44:00 -0400,0.714,0.278
2016-03-23 12:48:00 -0400,0.714,0.278
2016-03-23 16:49:00 -0400,0.714,0.278
2016-03-23 20:50:00 -0400,0.717,0.278
2016-03-24 00:53:00 -0400,0.720,0.278
2016-03-24 04:57:00 -0400,0.720,0.280
2016-03-24 08:59:00 -0400,0.720,0.280
2016-03-24 13:01:00 -0400,0.720,0.280
2016-03-24 17:06:00 -0400,0.720,0.280
2016-03-24 21:06:00 -0400,0.720,0.280
2016-03-25 01:06:00 -0400,0.720,0.280
2016-03-25 05:06:00 -0400,0.720,0.280
2016-03-25 09:10:00 -0400,0.720,0.280
2016-03-25 13:12:00 -0400,0.722,0.274
2016-03-25 17:16:00 -0400,0.722,0.274
2016-03-25 21:16:00 -0400,0.722,0.272
2016-03-26 01:21:00 -0400,0.722,0.272
2016-03-26 05:22:00 -0400,0.727,0.272
2016-03-26 09:24:00 -0400,0.727,0.278
2016-03-26 13:28:00 -0400,0.727,0.278
2016-03-26 17:32:00 -0400,0.722,0.286
2016-03-26 21:36:00 -0400,0.717,0.278
2016-03-27 01:38:00 -0400,0.717,0.278
2016-03-27 05:43:00 -0400,0.712,0.278
2016-03-27 09:44:00 -0400,0.722,0.282
2016-03-27 13:49:00 -0400,0.722,0.282
2016-03-27 17:49:00 -0400,0.722,0.282
2016-03-27 21:50:00 -0400,0.722,0.282
2016-03-28 01:53:00 -0400,0.722,0.282
2016-03-28 05:55:00 -0400,0.727,0.282
2016-03-28 09:57:00 -0400,0.727,0.280
2016-03-28 14:03:00 -0400,0.725,0.274
2016-03-28 18:06:00 -0400,0.727,0.274
2016-03-28 22:11:00 -0400,0.727,0.274
2016-03-29 02:16:00 -0400,0.727,0.274
2016-03-29 06:19:00 -0400,0.727,0.274
2016-03-29 10:20:00 -0400,0.727,0.274
2016-03-29 14:22:00 -0400,0.727,0.274
2016-03-29 18:24:00 -0400,0.722,0.278
2016-03-29 22:29:00 -0400,0.722,0.278
2016-03-30 02:31:00 -0400,0.722,0.278
2016-03-30 06:33:00 -0400,0.717,0.282
2016-03-30 10:37:00 -0400,0.717,0.282
2016-03-30 14:42:00 -0400,0.717,0.282
2016-03-30 18:46:00 -0400,0.722,0.282
2016-03-30 22:49:00 -0400,0.722,0.278
2016-03-31 02:52:00 -0400,0.722,0.278
2016-03-31 06:55:00 -0400,0.720,0.280
2016-03-31 10:58:00 -0400,0.717,0.280
2016-03-31 14:58:00 -0400,0.717,0.282
2016-03-31 19:01:00 -0400,0.714,0.284
2016-03-31 23:06:00 -0400,0.714,0.284
2016-04-01 03:06:00 -0400,0.714,0.284
2016-04-01 07:08:00 -0400,0.714,0.286
2016-04-01 11:11:00 -0400,0.714,0.286
2016-04-01 15:15:00 -0400,0.714,0.286
2016-04-01 19:18:00 -0400,0.709,0.290
2016-04-01 23:19:00 -0400,0.709,0.290
2016-04-02 03:21:00 -0400,0.709,0.290
2016-04-02 07:23:00 -0400,0.709,0.290
2016-04-02 11:28:00 -0400,0.709,0.290
2016-04-02 15:30:00 -0400,0.709,0.290
2016-04-02 19:35:00 -0400,0.712,0.288
2016-04-02 23:39:00 -0400,0.712,0.288
2016-04-03 03:44:00 -0400,0.717,0.284
2016-04-03 07:47:00 -0400,0.714,0.286
2016-04-03 11:49:00 -0400,0.714,0.286
2016-04-03 15:53:00 -0400,0.714,0.286
2016-04-03 19:53:00 -0400,0.714,0.286
2016-04-03 23:56:00 -0400,0.714,0.286
2016-04-04 03:57:00 -0400,0.714,0.286
2016-04-04 07:58:00 -0400,0.714,0.286
2016-04-04 12:03:00 -0400,0.714,0.286
2016-04-04 16:06:00 -0400,0.714,0.286
2016-04-04 20:08:00 -0400,0.714,0.286
2016-04-05 00:12:00 -0400,0.712,0.288
2016-04-05 04:16:00 -0400,0.712,0.288
2016-04-05 08:20:00 -0400,0.720,0.278
2016-04-05 12:20:00 -0400,0.720,0.280
2016-04-05 16:22:00 -0400,0.720,0.280
2016-04-05 20:26:00 -0400,0.720,0.272
2016-04-06 00:27:00 -0400,0.725,0.276
2016-04-06 04:30:00 -0400,0.720,0.282
2016-04-06 08:34:00 -0400,0.720,0.282
2016-04-06 12:37:00 -0400,0.712,0.288
2016-04-06 16:38:00 -0400,0.712,0.288
2016-04-06 20:40:00 -0400,0.712,0.288
2016-04-07 00:40:00 -0400,0.712,0.288
2016-04-07 04:41:00 -0400,0.709,0.292
2016-04-07 08:43:00 -0400,0.712,0.290
2016-04-07 12:48:00 -0400,0.712,0.288
2016-04-07 16:52:00 -0400,0.712,0.288
2016-04-07 20:55:00 -0400,0.709,0.292
2016-04-08 00:55:00 -0400,0.712,0.288
2016-04-08 05:00:00 -0400,0.709,0.292
2016-04-08 09:02:00 -0400,0.707,0.296
2016-04-08 13:04:00 -0400,0.712,0.288
2016-04-08 17:08:00 -0400,0.712,0.288
2016-04-08 21:10:00 -0400,0.712,0.288
2016-04-09 01:12:00 -0400,0.714,0.286
2016-04-09 05:15:00 -0400,0.714,0.286
2016-04-09 09:19:00 -0400,0.717,0.284
2016-04-09 13:21:00 -0400,0.717,0.284
2016-04-09 17:23:00 -0400,0.717,0.284
2016-04-09 21:26:00 -0400,0.717,0.284
2016-04-10 01:26:00 -0400,0.717,0.284
2016-04-10 05:26:00 -0400,0.722,0.280
2016-04-10 09:26:00 -0400,0.722,0.280
2016-04-10 13:30:00 -0400,0.722,0.280
2016-04-10 17:33:00 -0400,0.722,0.280
2016-04-10 21:36:00 -0400,0.709,0.292
2016-04-11 01:36:00 -0400,0.714,0.286
2016-04-11 05:40:00 -0400,0.722,0.282
2016-04-11 09:43:00 -0400,0.720,0.282
2016-04-11 13:47:00 -0400,0.720,0.282
2016-04-11 17:48:00 -0400,0.712,0.290
2016-04-11 21:56:00 -0400,0.717,0.284
2016-04-12 01:59:00 -0400,0.717,0.284
2016-04-12 06:02:00 -0400,0.720,0.282
2016-04-12 10:03:00 -0400,0.727,0.278
2016-04-12 14:07:00 -0400,0.730,0.270
2016-04-12 18:10:00 -0400,0.730,0.270
2016-04-12 22:12:00 -0400,0.730,0.270
2016-04-13 02:13:00 -0400,0.725,0.274
2016-04-13 06:17:00 -0400,0.722,0.276
2016-04-13 10:17:00 -0400,0.720,0.278
2016-04-13 14:17:00 -0400,0.722,0.278
2016-04-13 18:22:00 -0400,0.722,0.278
2016-04-13 22:27:00 -0400,0.725,0.274
2016-04-14 02:27:00 -0400,0.725,0.274
2016-04-14 06:29:00 -0400,0.730,0.270
2016-04-14 10:32:00 -0400,0.725,0.274
2016-04-14 14:36:00 -0400,0.725,0.274
2016-04-14 18:39:00 -0400,0.725,0.274
2016-04-14 22:43:00 -0400,0.725,0.274
2016-04-15 02:48:00 -0400,0.725,0.274
2016-04-15 06:50:00 -0400,0.725,0.274
2016-04-15 10:55:00 -0400,0.725,0.274
2016-04-15 14:55:00 -0400,0.725,0.274
2016-04-15 18:57:00 -0400,0.725,0.274
2016-04-15 22:57:00 -0400,0.725,0.274
2016-04-16 02:57:00 -0400,0.725,0.274
2016-04-16 07:03:00 -0400,0.725,0.274
2016-04-16 11:03:00 -0400,0.725,0.274
2016-04-16 15:03:00 -0400,0.725,0.274
2016-04-16 19:05:00 -0400,0.722,0.278
2016-04-16 23:09:00 -0400,0.725,0.274
2016-04-17 03:13:00 -0400,0.725,0.274
2016-04-17 07:15:00 -0400,0.725,0.274
2016-04-17 11:19:00 -0400,0.725,0.274
2016-04-17 15:22:00 -0400,0.725,0.274
2016-04-17 19:26:00 -0400,0.725,0.274
2016-04-17 23:29:00 -0400,0.725,0.274
2016-04-18 03:29:00 -0400,0.725,0.274
2016-04-18 07:33:00 -0400,0.727,0.272
2016-04-18 11:36:00 -0400,0.727,0.272
2016-04-18 15:36:00 -0400,0.727,0.272
2016-04-18 19:38:00 -0400,0.727,0.270
2016-04-18 23:38:00 -0400,0.727,0.270
2016-04-19 03:43:00 -0400,0.727,0.272
2016-04-19 07:44:00 -0400,0.727,0.272
2016-04-19 11:49:00 -0400,0.727,0.272
2016-04-19 15:51:00 -0400,0.727,0.272
2016-04-19 19:56:00 -0400,0.727,0.269
2016-04-19 23:59:00 -0400,0.730,0.270
2016-04-20 04:03:00 -0400,0.730,0.269
2016-04-20 08:07:00 -0400,0.730,0.269
2016-04-20 12:08:00 -0400,0.727,0.269
2016-04-20 16:10:00 -0400,0.727,0.269
2016-04-20 20:10:00 -0400,0.733,0.269
2016-04-21 00:10:00 -0400,0.733,0.269
2016-04-21 04:10:00 -0400,0.733,0.269
2016-04-21 08:12:00 -0400,0.733,0.269
2016-04-21 12:12:00 -0400,0.733,0.267
2016-04-21 16:15:00 -0400,0.733,0.267
2016-04-21 20:18:00 -0400,0.746,0.255
2016-04-22 00:20:00 -0400,0.746,0.253
2016-04-22 04:21:00 -0400,0.746,0.253
2016-04-22 08:22:00 -0400,0.746,0.253
2016-04-22 12:26:00 -0400,0.744,0.255
2016-04-22 16:26:00 -0400,0.744,0.255
2016-04-22 20:28:00 -0400,0.744,0.255
2016-04-23 00:31:00 -0400,0.744,0.255
2016-04-23 04:31:00 -0400,0.744,0.255
2016-04-23 08:33:00 -0400,0.738,0.260
2016-04-23 12:38:00 -0400,0.738,0.260
2016-04-23 16:40:00 -0400,0.741,0.260
2016-04-23 20:43:00 -0400,0.741,0.260
2016-04-24 00:47:00 -0400,0.741,0.260
2016-04-24 04:51:00 -0400,0.741,0.257
2016-04-24 08:52:00 -0400,0.741,0.257
2016-04-24 12:57:00 -0400,0.741,0.257
2016-04-24 16:57:00 -0400,0.744,0.257
2016-04-24 20:59:00 -0400,0.744,0.257
2016-04-25 01:02:00 -0400,0.744,0.255
2016-04-25 05:02:00 -0400,0.744,0.255
2016-04-25 09:06:00 -0400,0.735,0.263
2016-04-25 13:10:00 -0400,0.741,0.258
2016-04-25 17:14:00 -0400,0.746,0.257
2016-04-25 21:18:00 -0400,0.746,0.255
2016-04-26 01:22:00 -0400,0.746,0.255
2016-04-26 05:27:00 -0400,0.744,0.255
2016-04-26 09:32:00 -0400,0.738,0.261
2016-04-26 13:34:00 -0400,0.741,0.258
2016-04-26 17:39:00 -0400,0.741,0.258
2016-04-26 21:41:00 -0400,0.741,0.260
2016-04-27 01:42:00 -0400,0.741,0.260
2016-04-27 05:43:00 -0400,0.741,0.260
2016-04-27 09:47:00 -0400,0.744,0.258
2016-04-27 13:52:00 -0400,0.746,0.257
2016-04-27 17:54:00 -0400,0.746,0.257
2016-04-27 21:55:00 -0400,0.746,0.257
2016-04-28 01:57:00 -0400,0.744,0.258
2016-04-28 05:58:00 -0400,0.749,0.255
2016-04-28 10:04:00 -0400,0.744,0.257
2016-04-28 14:09:00 -0400,0.741,0.260
2016-04-28 18:10:00 -0400,0.744,0.260
2016-04-28 22:11:00 -0400,0.744,0.260
2016-04-29 02:15:00 -0400,0.738,0.263
2016-04-29 06:15:00 -0400,0.738,0.263
2016-04-29 10:19:00 -0400,0.738,0.263
2016-04-29 14:22:00 -0400,0.738,0.263
2016-04-29 18:23:00 -0400,0.738,0.263
2016-04-29 22:26:00 -0400,0.738,0.263
2016-04-30 02:29:00 -0400,0.738,0.263
2016-04-30 06:32:00 -0400,0.733,0.265
2016-04-30 10:34:00 -0400,0.733,0.265
2016-04-30 14:34:00 -0400,0.733,0.265
2016-04-30 18:36:00 -0400,0.733,0.265
2016-04-30 22:40:00 -0400,0.733,0.265
2016-05-01 02:40:00 -0400,0.733,0.265
2016-05-01 06:43:00 -0400,0.733,0.265
2016-05-01 10:43:00 -0400,0.733,0.265
2016-05-01 14:44:00 -0400,0.727,0.272
2016-05-01 18:46:00 -0400,0.727,0.270
2016-05-01 22:46:00 -0400,0.730,0.270
2016-05-02 02:50:00 -0400,0.730,0.270
2016-05-02 06:54:00 -0400,0.733,0.265
2016-05-02 10:58:00 -0400,0.735,0.265
2016-05-02 15:02:00 -0400,0.730,0.267
2016-05-02 19:07:00 -0400,0.733,0.267
2016-05-02 23:08:00 -0400,0.733,0.267
2016-05-03 03:24:00 -0400,0.733,0.267
2016-05-03 07:28:00 -0400,0.727,0.269
2016-05-03 11:30:00 -0400,0.714,0.286
2016-05-03 15:30:00 -0400,0.727,0.274
2016-05-03 19:31:00 -0400,0.723,0.278
2016-05-03 23:33:00 -0400,0.720,0.282
2016-05-04 03:36:00 -0400,0.725,0.278
2016-05-04 07:38:00 -0400,0.725,0.274
2016-05-04 11:43:00 -0400,0.722,0.278
2016-05-04 15:48:00 -0400,0.725,0.278
2016-05-04 19:51:00 -0400,0.725,0.276
2016-05-04 23:56:00 -0400,0.725,0.278
2016-05-05 04:00:00 -0400,0.725,0.278
2016-05-05 08:02:00 -0400,0.725,0.278
2016-05-05 12:02:00 -0400,0.725,0.276
2016-05-05 16:04:00 -0400,0.725,0.276
2016-05-05 20:07:00 -0400,0.730,0.270
2016-05-06 00:11:00 -0400,0.727,0.270
2016-05-06 04:13:00 -0400,0.727,0.274
2016-05-06 08:18:00 -0400,0.733,0.269
2016-05-06 12:23:00 -0400,0.735,0.263
2016-05-06 16:23:00 -0400,0.735,0.263
2016-05-06 20:25:00 -0400,0.733,0.265
2016-05-07 00:29:00 -0400,0.738,0.261
2016-05-07 04:34:00 -0400,0.770,0.229
2016-05-07 08:34:00 -0400,0.749,0.250
2016-05-07 12:38:00 -0400,0.746,0.250
2016-05-07 16:52:00 -0400,0.746,0.250
2016-05-07 20:55:00 -0400,0.749,0.250
2016-05-08 00:58:00 -0400,0.749,0.250
2016-05-08 04:59:00 -0400,0.749,0.250
2016-05-08 09:04:00 -0400,0.749,0.247
2016-05-08 13:08:00 -0400,0.755,0.247
2016-05-08 17:11:00 -0400,0.749,0.250
2016-05-08 21:14:00 -0400,0.749,0.247
2016-05-09 01:19:00 -0400,0.752,0.247
2016-05-09 05:24:00 -0400,0.755,0.244
2016-05-09 09:25:00 -0400,0.752,0.244
2016-05-09 13:30:00 -0400,0.755,0.241
2016-05-09 17:30:00 -0400,0.749,0.247
2016-05-09 21:32:00 -0400,0.749,0.247
2016-05-10 01:35:00 -0400,0.749,0.247
2016-05-10 05:37:00 -0400,0.749,0.247
2016-05-10 09:41:00 -0400,0.749,0.247
2016-05-10 13:45:00 -0400,0.738,0.260
2016-05-10 17:47:00 -0400,0.738,0.260
2016-05-10 21:47:00 -0400,0.741,0.257
2016-05-11 01:59:00 -0400,0.741,0.257
2016-05-11 06:02:00 -0400,0.744,0.257
2016-05-11 10:05:00 -0400,0.741,0.257
2016-05-11 14:09:00 -0400,0.741,0.257
2016-05-11 18:12:00 -0400,0.741,0.257
2016-05-11 22:15:00 -0400,0.741,0.257
2016-05-12 02:15:00 -0400,0.741,0.257
2016-05-12 06:19:00 -0400,0.741,0.257
2016-05-12 10:22:00 -0400,0.741,0.257
2016-05-12 14:28:00 -0400,0.735,0.263
2016-05-12 18:32:00 -0400,0.735,0.263
2016-05-12 22:36:00 -0400,0.735,0.263
2016-05-13 02:38:00 -0400,0.741,0.260
2016-05-13 06:43:00 -0400,0.741,0.260
2016-05-13 10:47:00 -0400,0.741,0.260
2016-05-13 14:49:00 -0400,0.735,0.263
2016-05-13 18:50:00 -0400,0.735,0.263
2016-05-13 22:52:00 -0400,0.735,0.263
2016-05-14 02:53:00 -0400,0.744,0.258
2016-05-14 06:55:00 -0400,0.744,0.258
2016-05-14 10:55:00 -0400,0.744,0.258
2016-05-14 14:55:00 -0400,0.744,0.258
2016-05-14 18:56:00 -0400,0.744,0.258
2016-05-14 22:59:00 -0400,0.744,0.258
2016-05-15 03:01:00 -0400,0.741,0.258
2016-05-15 07:02:00 -0400,0.744,0.258
2016-05-15 11:07:00 -0400,0.730,0.269
2016-05-15 15:11:00 -0400,0.727,0.272
2016-05-15 19:11:00 -0400,0.733,0.269
2016-05-15 23:11:00 -0400,0.733,0.267
2016-05-16 03:14:00 -0400,0.733,0.267
2016-05-16 07:15:00 -0400,0.733,0.267
2016-05-16 11:20:00 -0400,0.733,0.269
2016-05-16 15:25:00 -0400,0.735,0.263
2016-05-16 19:25:00 -0400,0.735,0.263
2016-05-16 23:26:00 -0400,0.735,0.263
2016-05-17 03:30:00 -0400,0.735,0.263
2016-05-17 07:33:00 -0400,0.738,0.263
2016-05-17 11:36:00 -0400,0.738,0.263
2016-05-17 15:38:00 -0400,0.735,0.263
2016-05-17 19:43:00 -0400,0.727,0.270
2016-05-17 23:45:00 -0400,0.727,0.270
2016-05-18 03:50:00 -0400,0.727,0.270
2016-05-18 07:52:00 -0400,0.727,0.272
2016-05-18 11:54:00 -0400,0.727,0.272
2016-05-18 15:55:00 -0400,0.727,0.272
2016-05-18 19:59:00 -0400,0.727,0.274
2016-05-19 00:03:00 -0400,0.727,0.272
2016-05-19 04:04:00 -0400,0.727,0.274
2016-05-19 08:04:00 -0400,0.725,0.274
2016-05-19 12:09:00 -0400,0.720,0.280
2016-05-19 16:09:00 -0400,0.709,0.292
2016-05-19 20:11:00 -0400,0.712,0.288
2016-05-20 00:11:00 -0400,0.714,0.286
2016-05-20 04:13:00 -0400,0.722,0.278
2016-05-20 08:16:00 -0400,0.717,0.282
2016-05-20 12:21:00 -0400,0.717,0.284
2016-05-20 16:23:00 -0400,0.714,0.286
2016-05-20 20:27:00 -0400,0.714,0.286
2016-05-21 00:29:00 -0400,0.707,0.296
2016-05-21 04:32:00 -0400,0.707,0.296
2016-05-21 08:36:00 -0400,0.707,0.296
2016-05-21 12:40:00 -0400,0.707,0.296
2016-05-21 16:45:00 -0400,0.709,0.292
2016-05-21 20:48:00 -0400,0.712,0.288
2016-05-22 00:49:00 -0400,0.707,0.292
2016-05-22 04:54:00 -0400,0.704,0.299
2016-05-22 08:58:00 -0400,0.704,0.296
2016-05-22 13:02:00 -0400,0.704,0.299
2016-05-22 17:02:00 -0400,0.702,0.299
2016-05-22 21:04:00 -0400,0.702,0.299
2016-05-23 01:06:00 -0400,0.699,0.299
2016-05-23 05:11:00 -0400,0.704,0.299
2016-05-23 09:14:00 -0400,0.702,0.301
2016-05-23 13:19:00 -0400,0.697,0.303
2016-05-23 17:21:00 -0400,0.699,0.303
2016-05-23 21:24:00 -0400,0.697,0.305
2016-05-24 01:26:00 -0400,0.697,0.305
2016-05-24 05:29:00 -0400,0.690,0.310
2016-05-24 09:29:00 -0400,0.680,0.318
2016-05-24 13:31:00 -0400,0.665,0.336
2016-05-24 17:35:00 -0400,0.669,0.328
2016-05-24 21:37:00 -0400,0.673,0.325
2016-05-25 01:41:00 -0400,0.690,0.308
2016-05-25 05:42:00 -0400,0.690,0.310
2016-05-25 09:45:00 -0400,0.683,0.320
2016-05-25 13:49:00 -0400,0.680,0.320
2016-05-25 17:54:00 -0400,0.680,0.320
2016-05-25 21:59:00 -0400,0.680,0.320
2016-05-26 02:03:00 -0400,0.680,0.320
2016-05-26 06:07:00 -0400,0.678,0.323
2016-05-26 10:12:00 -0400,0.673,0.325
2016-05-26 14:15:00 -0400,0.662,0.336
2016-05-26 18:16:00 -0400,0.665,0.336
2016-05-26 22:17:00 -0400,0.669,0.328
2016-05-27 02:18:00 -0400,0.669,0.328
2016-05-27 06:22:00 -0400,0.671,0.328
2016-05-27 10:27:00 -0400,0.671,0.328
2016-05-27 14:32:00 -0400,0.671,0.328
2016-05-27 18:35:00 -0400,0.676,0.325
2016-05-27 22:35:00 -0400,0.676,0.325
2016-05-28 02:36:00 -0400,0.676,0.325
2016-05-28 06:39:00 -0400,0.676,0.325
2016-05-28 10:41:00 -0400,0.674,0.325
2016-05-28 14:44:00 -0400,0.674,0.325
2016-05-28 18:44:00 -0400,0.674,0.325
2016-05-28 22:47:00 -0400,0.674,0.325
2016-05-29 02:51:00 -0400,0.674,0.325
2016-05-29 06:52:00 -0400,0.676,0.325
2016-05-29 10:55:00 -0400,0.678,0.325
2016-05-29 14:55:00 -0400,0.678,0.318
2016-05-29 18:56:00 -0400,0.680,0.318
2016-05-29 22:58:00 -0400,0.680,0.318
2016-05-30 03:00:00 -0400,0.680,0.318
2016-05-30 07:03:00 -0400,0.683,0.318
2016-05-30 11:05:00 -0400,0.683,0.318
2016-05-30 15:10:00 -0400,0.685,0.318
2016-05-30 19:10:00 -0400,0.685,0.313
2016-05-30 23:11:00 -0400,0.685,0.313
2016-05-31 03:13:00 -0400,0.687,0.313
2016-05-31 07:14:00 -0400,0.687,0.315
2016-05-31 11:15:00 -0400,0.685,0.315
2016-05-31 15:17:00 -0400,0.687,0.310
2016-05-31 19:20:00 -0400,0.687,0.310
2016-05-31 23:23:00 -0400,0.695,0.308
2016-06-01 03:27:00 -0400,0.702,0.296
2016-06-01 07:29:00 -0400,0.697,0.301
2016-06-01 11:33:00 -0400,0.699,0.299
2016-06-01 15:37:00 -0400,0.697,0.301
2016-06-01 19:41:00 -0400,0.702,0.296
2016-06-01 23:44:00 -0400,0.702,0.296
2016-06-02 03:49:00 -0400,0.702,0.296
2016-06-02 07:49:00 -0400,0.704,0.294
2016-06-02 11:51:00 -0400,0.712,0.290
2016-06-02 15:55:00 -0400,0.712,0.292
2016-06-02 19:58:00 -0400,0.709,0.294
2016-06-03 00:03:00 -0400,0.709,0.294
2016-06-03 04:03:00 -0400,0.707,0.294
2016-06-03 08:07:00 -0400,0.704,0.296
2016-06-03 12:08:00 -0400,0.692,0.305
2016-06-03 16:12:00 -0400,0.692,0.308
2016-06-03 20:17:00 -0400,0.692,0.308
2016-06-04 00:18:00 -0400,0.749,0.247
2016-06-04 04:22:00 -0400,0.738,0.261
2016-06-04 08:25:00 -0400,0.749,0.258
2016-06-04 12:30:00 -0400,0.749,0.247
2016-06-04 16:33:00 -0400,0.749,0.252
2016-06-04 20:36:00 -0400,0.749,0.252
2016-06-05 00:42:00 -0400,0.744,0.260
2016-06-05 04:44:00 -0400,0.749,0.252
2016-06-05 08:47:00 -0400,0.738,0.263
2016-06-05 12:49:00 -0400,0.725,0.274
2016-06-05 16:53:00 -0400,0.744,0.258
2016-06-05 20:57:00 -0400,0.738,0.263
2016-06-06 00:59:00 -0400,0.744,0.263
2016-06-06 05:02:00 -0400,0.727,0.272
2016-06-06 09:03:00 -0400,0.730,0.271
2016-06-06 13:07:00 -0400,0.735,0.262
2016-06-06 17:07:00 -0400,0.738,0.260
2016-06-06 21:12:00 -0400,0.738,0.260
2016-06-07 01:16:00 -0400,0.738,0.260
2016-06-07 05:16:00 -0400,0.746,0.253
2016-06-07 09:18:00 -0400,0.744,0.260
2016-06-07 13:18:00 -0400,0.741,0.260
2016-06-07 17:18:00 -0400,0.738,0.260
2016-06-07 21:18:00 -0400,0.741,0.260
2016-06-08 01:22:00 -0400,0.746,0.257
2016-06-08 05:22:00 -0400,0.744,0.257
2016-06-08 09:24:00 -0400,0.744,0.258
2016-06-08 13:24:00 -0400,0.744,0.255
2016-06-08 17:29:00 -0400,0.744,0.255
2016-06-08 21:30:00 -0400,0.744,0.255
2016-06-09 01:30:00 -0400,0.744,0.255
2016-06-09 05:35:00 -0400,0.744,0.255
2016-06-09 09:36:00 -0400,0.741,0.260
2016-06-09 13:37:00 -0400,0.733,0.265
2016-06-09 17:38:00 -0400,0.733,0.263
2016-06-09 21:38:00 -0400,0.733,0.265
2016-06-10 01:42:00 -0400,0.735,0.263
2016-06-10 05:42:00 -0400,0.741,0.258
2016-06-10 09:47:00 -0400,0.744,0.258
2016-06-10 13:51:00 -0400,0.741,0.260
2016-06-10 17:56:00 -0400,0.744,0.257
2016-06-10 21:59:00 -0400,0.746,0.257
2016-06-11 02:02:00 -0400,0.746,0.257
2016-06-11 06:02:00 -0400,0.744,0.258
2016-06-11 10:05:00 -0400,0.744,0.258
2016-06-11 14:05:00 -0400,0.744,0.258
2016-06-11 18:09:00 -0400,0.744,0.257
2016-06-11 22:13:00 -0400,0.744,0.257
2016-06-12 02:14:00 -0400,0.744,0.257
2016-06-12 06:14:00 -0400,0.744,0.255
2016-06-12 10:16:00 -0400,0.749,0.252
2016-06-12 14:18:00 -0400,0.741,0.260
2016-06-12 18:20:00 -0400,0.735,0.267
2016-06-12 22:23:00 -0400,0.735,0.267
2016-06-13 02:27:00 -0400,0.735,0.265
2016-06-13 06:32:00 -0400,0.744,0.255
2016-06-13 10:32:00 -0400,0.746,0.255
2016-06-13 14:34:00 -0400,0.746,0.255
2016-06-13 18:35:00 -0400,0.744,0.255
2016-06-13 22:39:00 -0400,0.744,0.255
2016-06-14 02:41:00 -0400,0.744,0.255
2016-06-14 06:44:00 -0400,0.738,0.263
2016-06-14 10:49:00 -0400,0.738,0.258
2016-06-14 14:51:00 -0400,0.738,0.258
2016-06-14 18:53:00 -0400,0.741,0.257
2016-06-14 22:56:00 -0400,0.746,0.252
2016-06-15 02:57:00 -0400,0.749,0.247
2016-06-15 07:02:00 -0400,0.755,0.244
2016-06-15 11:07:00 -0400,0.749,0.252
2016-06-15 15:09:00 -0400,0.758,0.238
2016-06-15 19:11:00 -0400,0.755,0.241
2016-06-15 23:12:00 -0400,0.772,0.227
2016-06-16 03:16:00 -0400,0.763,0.235
2016-06-16 07:19:00 -0400,0.761,0.235
2016-06-16 11:20:00 -0400,0.755,0.246
2016-06-16 15:21:00 -0400,0.755,0.244
2016-06-16 19:21:00 -0400,0.755,0.241
2016-06-16 23:26:00 -0400,0.758,0.238
2016-06-17 03:30:00 -0400,0.766,0.230
2016-06-17 07:35:00 -0400,0.749,0.251
2016-06-17 11:37:00 -0400,0.755,0.244
2016-06-17 15:41:00 -0400,0.755,0.238
2016-06-17 19:41:00 -0400,0.755,0.241
2016-06-17 23:41:00 -0400,0.755,0.241
2016-06-18 03:46:00 -0400,0.763,0.233
2016-06-18 07:51:00 -0400,0.766,0.233
2016-06-18 11:51:00 -0400,0.769,0.218
2016-06-18 15:56:00 -0400,0.769,0.227
2016-06-18 19:58:00 -0400,0.772,0.227
2016-06-19 00:02:00 -0400,0.772,0.227
2016-06-19 04:07:00 -0400,0.769,0.230
2016-06-19 08:11:00 -0400,0.763,0.241
2016-06-19 12:12:00 -0400,0.763,0.235
2016-06-19 16:17:00 -0400,0.758,0.241
2016-06-19 20:22:00 -0400,0.758,0.241
2016-06-20 00:23:00 -0400,0.761,0.238
2016-06-20 04:24:00 -0400,0.763,0.235
2016-06-20 08:24:00 -0400,0.758,0.238
2016-06-20 12:26:00 -0400,0.761,0.238
2016-06-20 16:27:00 -0400,0.766,0.235
2016-06-20 20:31:00 -0400,0.766,0.233
2016-06-21 00:32:00 -0400,0.766,0.233
2016-06-21 04:32:00 -0400,0.766,0.230
2016-06-21 08:37:00 -0400,0.766,0.230
2016-06-21 12:42:00 -0400,0.772,0.227
2016-06-21 16:46:00 -0400,0.772,0.227
2016-06-21 20:46:00 -0400,0.769,0.227
2016-06-22 00:50:00 -0400,0.769,0.227
2016-06-22 04:51:00 -0400,0.779,0.221
2016-06-22 08:55:00 -0400,0.772,0.227
2016-06-22 12:59:00 -0400,0.758,0.241
2016-06-22 16:59:00 -0400,0.761,0.241
2016-06-22 21:03:00 -0400,0.784,0.216
2016-06-23 01:08:00 -0400,0.801,0.201
2016-06-23 05:08:00 -0400,0.766,0.235
2016-06-23 09:12:00 -0400,0.769,0.233
2016-06-23 13:17:00 -0400,0.775,0.227
2016-06-23 17:18:00 -0400,0.772,0.225
2016-06-23 21:23:00 -0400,0.801,0.200
2016-06-24 01:23:00 -0400,0.766,0.235
2016-06-24 05:24:00 -0400,0.761,0.238
2016-06-24 09:28:00 -0400,0.782,0.219
2016-06-24 13:32:00 -0400,0.763,0.236
2016-06-24 17:36:00 -0400,0.763,0.236
2016-06-24 21:41:00 -0400,0.763,0.236
2016-06-25 01:44:00 -0400,0.763,0.236
2016-06-25 05:49:00 -0400,0.766,0.239
2016-06-25 09:53:00 -0400,0.763,0.238
2016-06-25 13:57:00 -0400,0.763,0.238
2016-06-25 17:59:00 -0400,0.758,0.243
2016-06-25 22:04:00 -0400,0.755,0.247
2016-06-26 02:09:00 -0400,0.752,0.250
2016-06-26 06:13:00 -0400,0.749,0.250
2016-06-26 10:17:00 -0400,0.755,0.246
2016-06-26 14:19:00 -0400,0.752,0.244
2016-06-26 18:20:00 -0400,0.752,0.244
2016-06-26 22:25:00 -0400,0.755,0.244
2016-06-27 02:25:00 -0400,0.755,0.244
2016-06-27 06:29:00 -0400,0.766,0.233
2016-06-27 10:33:00 -0400,0.766,0.233
2016-06-27 14:34:00 -0400,0.766,0.233
2016-06-27 18:34:00 -0400,0.766,0.233
2016-06-27 22:37:00 -0400,0.766,0.230
2016-06-28 02:40:00 -0400,0.766,0.233
2016-06-28 06:45:00 -0400,0.766,0.233
2016-06-28 10:45:00 -0400,0.766,0.235
2016-06-28 14:49:00 -0400,0.766,0.235
2016-06-28 18:52:00 -0400,0.766,0.235
2016-06-28 22:52:00 -0400,0.766,0.235
2016-06-29 02:54:00 -0400,0.766,0.235
2016-06-29 06:57:00 -0400,0.766,0.235
2016-06-29 11:02:00 -0400,0.758,0.241
2016-06-29 15:03:00 -0400,0.758,0.244
2016-06-29 19:04:00 -0400,0.758,0.244
2016-06-29 23:07:00 -0400,0.758,0.244
2016-06-30 03:11:00 -0400,0.758,0.244
2016-06-30 07:13:00 -0400,0.758,0.244
2016-06-30 11:13:00 -0400,0.758,0.244
2016-06-30 15:17:00 -0400,0.758,0.244
2016-06-30 19:17:00 -0400,0.755,0.247
2016-06-30 23:19:00 -0400,0.758,0.244
2016-07-01 03:22:00 -0400,0.758,0.244
2016-07-01 07:26:00 -0400,0.766,0.233
2016-07-01 11:30:00 -0400,0.766,0.236
2016-07-01 15:32:00 -0400,0.766,0.236
2016-07-01 19:32:00 -0400,0.763,0.238
2016-07-01 23:34:00 -0400,0.766,0.235
2016-07-02 03:36:00 -0400,0.766,0.235
2016-07-02 07:41:00 -0400,0.766,0.238
2016-07-02 11:45:00 -0400,0.761,0.235
2016-07-02 15:49:00 -0400,0.761,0.238
2016-07-02 19:53:00 -0400,0.761,0.238
2016-07-02 23:53:00 -0400,0.763,0.236
2016-07-03 03:57:00 -0400,0.763,0.236
2016-07-03 07:57:00 -0400,0.761,0.235
2016-07-03 12:01:00 -0400,0.761,0.235
2016-07-03 16:02:00 -0400,0.761,0.235
2016-07-03 20:05:00 -0400,0.761,0.241
2016-07-04 00:09:00 -0400,0.761,0.241
2016-07-04 04:11:00 -0400,0.763,0.235
2016-07-04 08:11:00 -0400,0.763,0.235
2016-07-04 12:11:00 -0400,0.763,0.235
2016-07-04 16:16:00 -0400,0.763,0.235
2016-07-04 20:18:00 -0400,0.763,0.235
2016-07-05 00:20:00 -0400,0.763,0.235
2016-07-05 04:20:00 -0400,0.761,0.241
2016-07-05 08:25:00 -0400,0.758,0.241
2016-07-05 12:28:00 -0400,0.755,0.244
2016-07-05 16:30:00 -0400,0.755,0.244
2016-07-05 20:35:00 -0400,0.761,0.235
2016-07-06 00:36:00 -0400,0.761,0.235
2016-07-06 04:41:00 -0400,0.761,0.235
2016-07-06 08:43:00 -0400,0.758,0.238
2016-07-06 12:46:00 -0400,0.758,0.238
2016-07-06 16:50:00 -0400,0.758,0.241
2016-07-06 20:51:00 -0400,0.749,0.250
2016-07-07 00:55:00 -0400,0.755,0.245
2016-07-07 05:00:00 -0400,0.755,0.245
2016-07-07 09:03:00 -0400,0.758,0.241
2016-07-07 13:03:00 -0400,0.758,0.241
2016-07-07 17:05:00 -0400,0.758,0.241
2016-07-07 21:07:00 -0400,0.761,0.238
2016-07-08 01:09:00 -0400,0.761,0.238
2016-07-08 05:12:00 -0400,0.761,0.238
2016-07-08 09:13:00 -0400,0.761,0.238
2016-07-08 13:18:00 -0400,0.761,0.241
2016-07-08 17:22:00 -0400,0.761,0.238
2016-07-08 21:26:00 -0400,0.761,0.238
2016-07-09 01:27:00 -0400,0.761,0.238
2016-07-09 05:32:00 -0400,0.752,0.249
2016-07-09 09:36:00 -0400,0.758,0.236
2016-07-09 13:41:00 -0400,0.758,0.236
2016-07-09 17:44:00 -0400,0.758,0.236
2016-07-09 21:45:00 -0400,0.758,0.236
2016-07-10 01:49:00 -0400,0.758,0.236
2016-07-10 05:53:00 -0400,0.761,0.241
2016-07-10 09:54:00 -0400,0.761,0.241
2016-07-10 13:55:00 -0400,0.761,0.241
2016-07-10 18:00:00 -0400,0.772,0.230
2016-07-10 22:05:00 -0400,0.766,0.236
2016-07-11 02:10:00 -0400,0.764,0.236
2016-07-11 06:14:00 -0400,0.766,0.230
2016-07-11 10:16:00 -0400,0.769,0.230
2016-07-11 14:20:00 -0400,0.769,0.230
2016-07-11 18:20:00 -0400,0.769,0.230
2016-07-11 22:22:00 -0400,0.761,0.238
2016-07-12 02:22:00 -0400,0.761,0.238
2016-07-12 06:22:00 -0400,0.761,0.241
2016-07-12 10:26:00 -0400,0.761,0.238
2016-07-12 14:26:00 -0400,0.761,0.241
2016-07-12 18:29:00 -0400,0.758,0.241
2016-07-12 22:31:00 -0400,0.758,0.241
2016-07-13 02:31:00 -0400,0.758,0.241
2016-07-13 06:32:00 -0400,0.752,0.244
2016-07-13 10:36:00 -0400,0.746,0.253
2016-07-13 14:41:00 -0400,0.746,0.253
2016-07-13 18:45:00 -0400,0.746,0.253
2016-07-13 22:46:00 -0400,0.746,0.253
2016-07-14 02:47:00 -0400,0.744,0.258
2016-07-14 06:51:00 -0400,0.736,0.263
2016-07-14 10:51:00 -0400,0.733,0.269
2016-07-14 14:56:00 -0400,0.727,0.276
2016-07-14 18:56:00 -0400,0.727,0.274
2016-07-14 22:58:00 -0400,0.703,0.296
2016-07-15 03:02:00 -0400,0.703,0.296
2016-07-15 07:02:00 -0400,0.703,0.296
2016-07-15 11:07:00 -0400,0.703,0.296
2016-07-15 15:11:00 -0400,0.704,0.296
2016-07-15 19:12:00 -0400,0.704,0.296
2016-07-15 23:17:00 -0400,0.704,0.296
2016-07-16 03:19:00 -0400,0.704,0.296
2016-07-16 07:23:00 -0400,0.704,0.296
2016-07-16 11:25:00 -0400,0.704,0.296
2016-07-16 15:25:00 -0400,0.704,0.296
2016-07-16 19:29:00 -0400,0.704,0.296
2016-07-16 23:33:00 -0400,0.697,0.301
2016-07-17 03:37:00 -0400,0.697,0.301
2016-07-17 07:41:00 -0400,0.697,0.301
2016-07-17 11:44:00 -0400,0.697,0.301
2016-07-17 15:49:00 -0400,0.702,0.299
2016-07-17 19:54:00 -0400,0.702,0.296
2016-07-17 23:58:00 -0400,0.702,0.296
2016-07-18 04:00:00 -0400,0.702,0.296
2016-07-18 08:05:00 -0400,0.702,0.296
2016-07-18 12:08:00 -0400,0.697,0.301
2016-07-18 16:09:00 -0400,0.692,0.305
2016-07-18 20:14:00 -0400,0.692,0.305
2016-07-19 00:18:00 -0400,0.695,0.305
2016-07-19 04:23:00 -0400,0.695,0.305
2016-07-19 08:23:00 -0400,0.692,0.308
2016-07-19 12:24:00 -0400,0.692,0.303
2016-07-19 16:28:00 -0400,0.695,0.303
2016-07-19 20:32:00 -0400,0.697,0.303
2016-07-20 00:35:00 -0400,0.697,0.305
2016-07-20 04:40:00 -0400,0.695,0.305
2016-07-20 08:45:00 -0400,0.695,0.305
2016-07-20 12:50:00 -0400,0.695,0.305
2016-07-20 16:53:00 -0400,0.695,0.305
2016-07-20 20:56:00 -0400,0.695,0.305
2016-07-21 00:59:00 -0400,0.707,0.294
2016-07-21 05:03:00 -0400,0.738,0.262
2016-07-21 09:08:00 -0400,0.714,0.286
2016-07-21 13:08:00 -0400,0.720,0.282
2016-07-21 17:09:00 -0400,0.727,0.272
2016-07-21 21:10:00 -0400,0.709,0.292
2016-07-22 01:15:00 -0400,0.709,0.290
2016-07-22 05:15:00 -0400,0.714,0.288
2016-07-22 09:19:00 -0400,0.699,0.296
2016-07-22 13:19:00 -0400,0.702,0.296
2016-07-22 17:23:00 -0400,0.702,0.296
2016-07-22 21:25:00 -0400,0.704,0.296
2016-07-23 01:28:00 -0400,0.702,0.296
2016-07-23 05:32:00 -0400,0.704,0.294
2016-07-23 09:35:00 -0400,0.704,0.296
2016-07-23 13:40:00 -0400,0.704,0.294
2016-07-23 17:42:00 -0400,0.704,0.292
2016-07-23 21:42:00 -0400,0.704,0.294
2016-07-24 01:46:00 -0400,0.704,0.294
2016-07-24 05:51:00 -0400,0.707,0.294
2016-07-24 09:56:00 -0400,0.702,0.296
2016-07-24 13:58:00 -0400,0.702,0.296
2016-07-24 18:08:00 -0400,0.697,0.301
2016-07-24 22:12:00 -0400,0.697,0.301
2016-07-25 02:16:00 -0400,0.697,0.301
2016-07-25 06:16:00 -0400,0.695,0.303
2016-07-25 10:16:00 -0400,0.680,0.318
2016-07-25 14:18:00 -0400,0.680,0.320
2016-07-25 18:22:00 -0400,0.680,0.320
2016-07-25 22:27:00 -0400,0.680,0.318
2016-07-26 02:29:00 -0400,0.687,0.310
2016-07-26 06:34:00 -0400,0.680,0.318
2016-07-26 10:38:00 -0400,0.671,0.328
2016-07-26 14:42:00 -0400,0.671,0.328
2016-07-26 18:46:00 -0400,0.671,0.328
2016-07-26 22:47:00 -0400,0.676,0.328
2016-07-27 02:48:00 -0400,0.671,0.331
2016-07-27 06:53:00 -0400,0.671,0.331
2016-07-27 10:55:00 -0400,0.667,0.332
2016-07-27 14:55:00 -0400,0.678,0.320
2016-07-27 18:58:00 -0400,0.673,0.325
2016-07-27 23:01:00 -0400,0.671,0.328
2016-07-28 03:04:00 -0400,0.676,0.323
2016-07-28 07:09:00 -0400,0.673,0.325
2016-07-28 11:13:00 -0400,0.673,0.325
2016-07-28 15:15:00 -0400,0.673,0.325
2016-07-28 19:15:00 -0400,0.683,0.315
2016-07-28 23:18:00 -0400,0.683,0.315
2016-07-29 03:20:00 -0400,0.687,0.310
2016-07-29 07:24:00 -0400,0.692,0.305
2016-07-29 11:25:00 -0400,0.690,0.313
2016-07-29 15:30:00 -0400,0.687,0.308
2016-07-29 19:30:00 -0400,0.687,0.310
2016-07-29 23:33:00 -0400,0.687,0.310
2016-07-30 03:38:00 -0400,0.685,0.313
2016-07-30 07:42:00 -0400,0.687,0.313
2016-07-30 11:47:00 -0400,0.685,0.315
2016-07-30 15:47:00 -0400,0.687,0.313
2016-07-30 19:51:00 -0400,0.692,0.310
2016-07-30 23:51:00 -0400,0.687,0.313
2016-07-31 03:56:00 -0400,0.687,0.313
2016-07-31 07:59:00 -0400,0.687,0.313
2016-07-31 12:00:00 -0400,0.687,0.313
2016-07-31 16:00:00 -0400,0.692,0.310
2016-07-31 20:00:00 -0400,0.692,0.310
2016-08-01 00:02:00 -0400,0.692,0.308
2016-08-01 04:06:00 -0400,0.692,0.308
2016-08-01 08:06:00 -0400,0.695,0.308
2016-08-01 12:07:00 -0400,0.707,0.292
2016-08-01 16:11:00 -0400,0.709,0.292
2016-08-01 20:13:00 -0400,0.725,0.278
2016-08-02 00:17:00 -0400,0.725,0.278
2016-08-02 04:20:00 -0400,0.725,0.274
2016-08-02 08:24:00 -0400,0.730,0.267
2016-08-02 12:29:00 -0400,0.733,0.265
2016-08-02 16:30:00 -0400,0.735,0.263
2016-08-02 20:35:00 -0400,0.738,0.260
2016-08-03 00:39:00 -0400,0.738,0.260
2016-08-03 04:43:00 -0400,0.744,0.257
2016-08-03 08:45:00 -0400,0.744,0.257
2016-08-03 12:49:00 -0400,0.744,0.258
2016-08-03 16:54:00 -0400,0.766,0.233
2016-08-03 20:54:00 -0400,0.763,0.233
2016-08-04 00:55:00 -0400,0.763,0.233
2016-08-04 04:57:00 -0400,0.763,0.230
2016-08-04 09:00:00 -0400,0.769,0.227
2016-08-04 13:00:00 -0400,0.766,0.233
2016-08-04 17:02:00 -0400,0.766,0.233
2016-08-04 21:05:00 -0400,0.772,0.230
2016-08-05 01:08:00 -0400,0.769,0.230
2016-08-05 05:13:00 -0400,0.766,0.235
2016-08-05 09:13:00 -0400,0.766,0.230
2016-08-05 13:15:00 -0400,0.766,0.230
2016-08-05 17:15:00 -0400,0.766,0.230
2016-08-05 21:15:00 -0400,0.763,0.233
2016-08-06 01:18:00 -0400,0.769,0.230
2016-08-06 05:19:00 -0400,0.766,0.233
2016-08-06 09:24:00 -0400,0.769,0.230
2016-08-06 13:28:00 -0400,0.763,0.235
2016-08-06 17:28:00 -0400,0.763,0.235
2016-08-06 21:28:00 -0400,0.763,0.235
2016-08-07 01:32:00 -0400,0.761,0.241
2016-08-07 05:33:00 -0400,0.761,0.238
2016-08-07 09:33:00 -0400,0.761,0.241
2016-08-07 13:33:00 -0400,0.752,0.244
2016-08-07 17:36:00 -0400,0.761,0.238
2016-08-07 21:39:00 -0400,0.761,0.238
2016-08-08 01:39:00 -0400,0.761,0.235
2016-08-08 05:42:00 -0400,0.772,0.227
2016-08-08 09:43:00 -0400,0.766,0.230
2016-08-08 13:48:00 -0400,0.772,0.227
2016-08-08 17:53:00 -0400,0.766,0.233
2016-08-08 21:57:00 -0400,0.766,0.233
2016-08-09 02:02:00 -0400,0.766,0.230
2016-08-09 06:05:00 -0400,0.778,0.222
2016-08-09 10:09:00 -0400,0.778,0.220
2016-08-09 14:14:00 -0400,0.788,0.211
2016-08-09 18:17:00 -0400,0.784,0.213
2016-08-09 22:21:00 -0400,0.791,0.206
2016-08-10 02:25:00 -0400,0.791,0.206
2016-08-10 06:26:00 -0400,0.800,0.197
2016-08-10 10:29:00 -0400,0.803,0.198
2016-08-10 14:32:00 -0400,0.797,0.202
2016-08-10 18:37:00 -0400,0.797,0.204
2016-08-10 22:38:00 -0400,0.797,0.206
2016-08-11 02:38:00 -0400,0.794,0.206
2016-08-11 06:42:00 -0400,0.794,0.206
2016-08-11 10:47:00 -0400,0.788,0.211
2016-08-11 14:50:00 -0400,0.781,0.215
2016-08-11 18:54:00 -0400,0.784,0.215
2016-08-11 22:56:00 -0400,0.784,0.213
2016-08-12 03:01:00 -0400,0.784,0.213
2016-08-12 07:01:00 -0400,0.794,0.208
2016-08-12 11:03:00 -0400,0.791,0.211
2016-08-12 15:03:00 -0400,0.788,0.213
2016-08-12 19:06:00 -0400,0.784,0.215
2016-08-12 23:06:00 -0400,0.784,0.215
2016-08-13 03:12:00 -0400,0.784,0.215
2016-08-13 07:16:00 -0400,0.791,0.211
2016-08-13 11:18:00 -0400,0.791,0.211
2016-08-13 15:22:00 -0400,0.784,0.211
2016-08-13 19:28:00 -0400,0.797,0.202
2016-08-13 23:32:00 -0400,0.797,0.206
2016-08-14 03:36:00 -0400,0.794,0.208
2016-08-14 07:40:00 -0400,0.791,0.211
2016-08-14 11:44:00 -0400,0.791,0.211
2016-08-14 15:44:00 -0400,0.791,0.211
2016-08-14 19:45:00 -0400,0.791,0.211
2016-08-14 23:50:00 -0400,0.791,0.208
2016-08-15 03:53:00 -0400,0.794,0.204
2016-08-15 07:56:00 -0400,0.803,0.196
2016-08-15 12:01:00 -0400,0.803,0.198
2016-08-15 16:05:00 -0400,0.797,0.202
2016-08-15 20:05:00 -0400,0.797,0.202
2016-08-16 00:10:00 -0400,0.797,0.202
2016-08-16 04:14:00 -0400,0.800,0.200
2016-08-16 08:14:00 -0400,0.797,0.202
2016-08-16 12:15:00 -0400,0.803,0.198
2016-08-16 16:15:00 -0400,0.803,0.198
2016-08-16 20:16:00 -0400,0.797,0.204
2016-08-17 00:21:00 -0400,0.797,0.204
2016-08-17 04:21:00 -0400,0.797,0.202
2016-08-17 08:24:00 -0400,0.800,0.200
2016-08-17 12:28:00 -0400,0.800,0.198
2016-08-17 16:32:00 -0400,0.800,0.198
2016-08-17 20:36:00 -0400,0.797,0.200
2016-08-18 00:41:00 -0400,0.800,0.200
2016-08-18 04:45:00 -0400,0.794,0.204
2016-08-18 08:45:00 -0400,0.788,0.213
2016-08-18 12:47:00 -0400,0.788,0.213
2016-08-18 16:51:00 -0400,0.784,0.211
2016-08-18 20:56:00 -0400,0.784,0.211
2016-08-19 01:00:00 -0400,0.784,0.213
2016-08-19 05:03:00 -0400,0.781,0.215
2016-08-19 09:08:00 -0400,0.778,0.220
2016-08-19 13:12:00 -0400,0.784,0.218
2016-08-19 17:16:00 -0400,0.788,0.211
2016-08-19 21:20:00 -0400,0.788,0.211
2016-08-20 01:25:00 -0400,0.788,0.211
2016-08-20 05:29:00 -0400,0.788,0.211
2016-08-20 09:33:00 -0400,0.794,0.208
2016-08-20 13:38:00 -0400,0.791,0.211
2016-08-20 17:38:00 -0400,0.784,0.215
2016-08-20 21:38:00 -0400,0.784,0.215
2016-08-21 01:42:00 -0400,0.784,0.215
2016-08-21 05:47:00 -0400,0.784,0.213
2016-08-21 09:47:00 -0400,0.781,0.215
2016-08-21 13:52:00 -0400,0.781,0.215
2016-08-21 17:55:00 -0400,0.784,0.215
2016-08-21 21:56:00 -0400,0.788,0.213
2016-08-22 01:56:00 -0400,0.788,0.213
2016-08-22 05:58:00 -0400,0.784,0.215
2016-08-22 09:59:00 -0400,0.784,0.215
2016-08-22 14:02:00 -0400,0.784,0.213
2016-08-22 18:04:00 -0400,0.784,0.215
2016-08-22 22:08:00 -0400,0.781,0.220
2016-08-23 02:13:00 -0400,0.772,0.225
2016-08-23 06:15:00 -0400,0.781,0.222
2016-08-23 10:15:00 -0400,0.784,0.218
2016-08-23 14:17:00 -0400,0.784,0.213
2016-08-23 18:21:00 -0400,0.784,0.213
2016-08-23 22:24:00 -0400,0.784,0.213
2016-08-24 02:25:00 -0400,0.784,0.213
2016-08-24 06:28:00 -0400,0.784,0.213
2016-08-24 10:30:00 -0400,0.784,0.213
2016-08-24 14:30:00 -0400,0.784,0.213
2016-08-24 18:31:00 -0400,0.791,0.211
2016-08-24 22:37:00 -0400,0.781,0.215
2016-08-25 02:42:00 -0400,0.781,0.215
2016-08-25 06:46:00 -0400,0.778,0.220
2016-08-25 10:50:00 -0400,0.775,0.222
2016-08-25 14:52:00 -0400,0.778,0.222
2016-08-25 18:56:00 -0400,0.778,0.222
2016-08-25 22:57:00 -0400,0.778,0.222
2016-08-26 02:57:00 -0400,0.778,0.222
2016-08-26 07:02:00 -0400,0.778,0.220
2016-08-26 11:03:00 -0400,0.781,0.220
2016-08-26 15:08:00 -0400,0.781,0.220
2016-08-26 19:12:00 -0400,0.781,0.220
2016-08-26 23:15:00 -0400,0.778,0.220
2016-08-27 03:20:00 -0400,0.781,0.218
2016-08-27 07:20:00 -0400,0.781,0.218
2016-08-27 11:21:00 -0400,0.778,0.220
2016-08-27 15:21:00 -0400,0.784,0.218
2016-08-27 19:24:00 -0400,0.784,0.218
2016-08-27 23:26:00 -0400,0.781,0.218
2016-08-28 03:26:00 -0400,0.781,0.218
2016-08-28 07:26:00 -0400,0.781,0.218
2016-08-28 11:30:00 -0400,0.781,0.218
2016-08-28 15:35:00 -0400,0.781,0.220
2016-08-28 19:38:00 -0400,0.775,0.222
2016-08-28 23:41:00 -0400,0.769,0.227
2016-08-29 03:45:00 -0400,0.769,0.227
2016-08-29 07:46:00 -0400,0.775,0.225
2016-08-29 11:50:00 -0400,0.769,0.230
2016-08-29 15:54:00 -0400,0.772,0.230
2016-08-29 19:59:00 -0400,0.772,0.230
2016-08-30 00:00:00 -0400,0.769,0.230
2016-08-30 04:03:00 -0400,0.775,0.227
2016-08-30 08:08:00 -0400,0.769,0.230
2016-08-30 12:13:00 -0400,0.766,0.235
2016-08-30 16:17:00 -0400,0.763,0.235
2016-08-30 20:22:00 -0400,0.763,0.235
2016-08-31 00:24:00 -0400,0.761,0.235
2016-08-31 04:24:00 -0400,0.761,0.238
2016-08-31 08:24:00 -0400,0.755,0.241
2016-08-31 12:29:00 -0400,0.755,0.241
2016-08-31 16:31:00 -0400,0.755,0.241
2016-08-31 20:34:00 -0400,0.752,0.247
2016-09-01 00:36:00 -0400,0.741,0.262
2016-09-01 04:40:00 -0400,0.744,0.257
2016-09-01 08:41:00 -0400,0.749,0.249
2016-09-01 12:41:00 -0400,0.733,0.267
2016-09-01 16:41:00 -0400,0.738,0.263
2016-09-01 20:45:00 -0400,0.738,0.263
2016-09-02 00:49:00 -0400,0.738,0.263
2016-09-02 04:53:00 -0400,0.755,0.241
2016-09-02 08:57:00 -0400,0.749,0.249
2016-09-02 12:57:00 -0400,0.749,0.253
2016-09-02 17:01:00 -0400,0.730,0.267
2016-09-02 21:04:00 -0400,0.727,0.270
2016-09-03 01:09:00 -0400,0.730,0.270
2016-09-03 05:13:00 -0400,0.727,0.272
2016-09-03 09:16:00 -0400,0.727,0.270
2016-09-03 13:21:00 -0400,0.738,0.260
2016-09-03 17:27:00 -0400,0.717,0.282
2016-09-03 21:30:00 -0400,0.717,0.282
2016-09-04 01:30:00 -0400,0.720,0.282
2016-09-04 05:30:00 -0400,0.722,0.280
2016-09-04 09:30:00 -0400,0.720,0.280
2016-09-04 13:30:00 -0400,0.717,0.284
2016-09-04 17:30:00 -0400,0.709,0.290
2016-09-04 21:32:00 -0400,0.709,0.290
2016-09-05 01:32:00 -0400,0.704,0.294
2016-09-05 05:36:00 -0400,0.717,0.284
2016-09-05 09:40:00 -0400,0.714,0.288
2016-09-05 13:42:00 -0400,0.714,0.286
2016-09-05 17:47:00 -0400,0.722,0.280
2016-09-05 21:50:00 -0400,0.717,0.282
2016-09-06 01:55:00 -0400,0.717,0.282
2016-09-06 05:59:00 -0400,0.717,0.282
2016-09-06 10:00:00 -0400,0.702,0.299
2016-09-06 14:05:00 -0400,0.699,0.301
2016-09-06 18:05:00 -0400,0.699,0.301
2016-09-06 22:10:00 -0400,0.697,0.301
2016-09-07 02:15:00 -0400,0.699,0.301
2016-09-07 06:20:00 -0400,0.695,0.305
2016-09-07 10:20:00 -0400,0.702,0.299
2016-09-07 14:24:00 -0400,0.702,0.299
2016-09-07 18:27:00 -0400,0.702,0.301
2016-09-07 22:29:00 -0400,0.709,0.288
2016-09-08 02:29:00 -0400,0.714,0.286
2016-09-08 06:30:00 -0400,0.707,0.292
2016-09-08 10:30:00 -0400,0.709,0.290
2016-09-08 14:34:00 -0400,0.714,0.286
2016-09-08 18:38:00 -0400,0.714,0.286
2016-09-08 22:41:00 -0400,0.714,0.286
2016-09-09 02:45:00 -0400,0.717,0.284
2016-09-09 06:47:00 -0400,0.714,0.286
2016-09-09 10:52:00 -0400,0.712,0.288
2016-09-09 14:56:00 -0400,0.707,0.292
2016-09-09 19:01:00 -0400,0.707,0.292
2016-09-09 23:05:00 -0400,0.709,0.292
2016-09-10 03:07:00 -0400,0.714,0.286
2016-09-10 07:12:00 -0400,0.707,0.292
2016-09-10 11:15:00 -0400,0.704,0.294
2016-09-10 15:18:00 -0400,0.707,0.294
2016-09-10 19:21:00 -0400,0.704,0.296
2016-09-10 23:26:00 -0400,0.707,0.292
2016-09-11 03:28:00 -0400,0.704,0.294
2016-09-11 07:32:00 -0400,0.712,0.288
2016-09-11 11:36:00 -0400,0.702,0.296
2016-09-11 15:40:00 -0400,0.690,0.308
2016-09-11 19:45:00 -0400,0.702,0.296
2016-09-11 23:48:00 -0400,0.704,0.294
2016-09-12 03:53:00 -0400,0.699,0.301
2016-09-12 07:56:00 -0400,0.687,0.313
2016-09-12 11:56:00 -0400,0.697,0.301
2016-09-12 15:57:00 -0400,0.697,0.305
2016-09-12 20:00:00 -0400,0.690,0.308
2016-09-13 00:03:00 -0400,0.697,0.301
2016-09-13 04:06:00 -0400,0.685,0.315
2016-09-13 08:09:00 -0400,0.692,0.308
2016-09-13 12:12:00 -0400,0.692,0.310
2016-09-13 16:12:00 -0400,0.687,0.310
2016-09-13 20:15:00 -0400,0.702,0.296
2016-09-14 00:17:00 -0400,0.699,0.301
2016-09-14 04:21:00 -0400,0.683,0.320
2016-09-14 08:24:00 -0400,0.683,0.320
2016-09-14 12:28:00 -0400,0.678,0.320
2016-09-14 16:30:00 -0400,0.671,0.328
2016-09-14 20:36:00 -0400,0.673,0.325
2016-09-15 00:36:00 -0400,0.665,0.335
2016-09-15 04:36:00 -0400,0.673,0.328
2016-09-15 08:39:00 -0400,0.669,0.331
2016-09-15 12:40:00 -0400,0.660,0.337
2016-09-15 16:40:00 -0400,0.649,0.349
2016-09-15 20:44:00 -0400,0.652,0.347
2016-09-16 00:48:00 -0400,0.649,0.351
2016-09-16 04:48:00 -0400,0.652,0.349
2016-09-16 08:51:00 -0400,0.647,0.352
2016-09-16 12:54:00 -0400,0.647,0.353
2016-09-16 16:57:00 -0400,0.645,0.355
2016-09-16 20:57:00 -0400,0.658,0.342
2016-09-17 00:57:00 -0400,0.665,0.336
2016-09-17 05:02:00 -0400,0.660,0.337
2016-09-17 09:06:00 -0400,0.665,0.335
2016-09-17 13:11:00 -0400,0.678,0.320
2016-09-17 17:11:00 -0400,0.678,0.320
2016-09-17 21:14:00 -0400,0.683,0.318
2016-09-18 01:17:00 -0400,0.683,0.318
2016-09-18 05:21:00 -0400,0.660,0.340
2016-09-18 09:23:00 -0400,0.665,0.335
2016-09-18 13:23:00 -0400,0.676,0.325
2016-09-18 17:25:00 -0400,0.673,0.331
2016-09-18 21:28:00 -0400,0.667,0.332
2016-09-19 01:33:00 -0400,0.669,0.331
2016-09-19 05:38:00 -0400,0.665,0.335
2016-09-19 09:43:00 -0400,0.669,0.331
2016-09-19 13:47:00 -0400,0.673,0.325
2016-09-19 17:51:00 -0400,0.673,0.323
2016-09-19 21:56:00 -0400,0.678,0.320
2016-09-20 01:57:00 -0400,0.678,0.320
2016-09-20 06:00:00 -0400,0.676,0.323
2016-09-20 10:00:00 -0400,0.678,0.320
2016-09-20 14:05:00 -0400,0.683,0.315
2016-09-20 18:05:00 -0400,0.678,0.320
2016-09-20 22:10:00 -0400,0.678,0.320
2016-09-21 02:14:00 -0400,0.678,0.320
2016-09-21 06:18:00 -0400,0.683,0.320
2016-09-21 10:21:00 -0400,0.673,0.325
2016-09-21 14:21:00 -0400,0.673,0.325
2016-09-21 18:23:00 -0400,0.673,0.328
2016-09-21 22:27:00 -0400,0.671,0.328
2016-09-22 02:32:00 -0400,0.678,0.320
2016-09-22 06:36:00 -0400,0.673,0.325
2016-09-22 10:40:00 -0400,0.678,0.325
2016-09-22 14:45:00 -0400,0.678,0.325
2016-09-22 18:48:00 -0400,0.673,0.325
2016-09-22 22:52:00 -0400,0.673,0.325
2016-09-23 02:56:00 -0400,0.673,0.325
2016-09-23 07:00:00 -0400,0.673,0.325
2016-09-23 11:00:00 -0400,0.673,0.325
2016-09-23 15:02:00 -0400,0.673,0.325
2016-09-23 19:03:00 -0400,0.669,0.331
2016-09-23 23:06:00 -0400,0.673,0.325
2016-09-24 03:10:00 -0400,0.678,0.325
2016-09-24 07:10:00 -0400,0.678,0.325
2016-09-24 11:13:00 -0400,0.678,0.325
2016-09-24 15:14:00 -0400,0.678,0.325
2016-09-24 19:17:00 -0400,0.678,0.325
2016-09-24 23:21:00 -0400,0.678,0.325
2016-09-25 03:21:00 -0400,0.676,0.325
2016-09-25 07:24:00 -0400,0.665,0.335
2016-09-25 11:29:00 -0400,0.665,0.335
2016-09-25 15:32:00 -0400,0.649,0.352
2016-09-25 19:37:00 -0400,0.658,0.339
2016-09-25 23:41:00 -0400,0.662,0.338
2016-09-26 03:45:00 -0400,0.656,0.343
2016-09-26 07:50:00 -0400,0.647,0.352
2016-09-26 11:52:00 -0400,0.635,0.366
2016-09-26 15:56:00 -0400,0.643,0.356
2016-09-26 19:57:00 -0400,0.652,0.347
2016-09-26 23:57:00 -0400,0.690,0.308
2016-09-27 04:00:00 -0400,0.697,0.303
2016-09-27 08:00:00 -0400,0.695,0.305
2016-09-27 12:04:00 -0400,0.695,0.305
2016-09-27 16:09:00 -0400,0.697,0.303
2016-09-27 20:13:00 -0400,0.699,0.301
2016-09-28 00:18:00 -0400,0.697,0.301
2016-09-28 04:23:00 -0400,0.697,0.301
2016-09-28 08:28:00 -0400,0.687,0.315
2016-09-28 12:33:00 -0400,0.690,0.313
2016-09-28 16:38:00 -0400,0.690,0.308
2016-09-28 20:43:00 -0400,0.697,0.305
2016-09-29 00:47:00 -0400,0.702,0.299
2016-09-29 04:50:00 -0400,0.699,0.301
2016-09-29 08:53:00 -0400,0.697,0.303
2016-09-29 12:57:00 -0400,0.702,0.299
2016-09-29 17:01:00 -0400,0.702,0.299
2016-09-29 21:06:00 -0400,0.712,0.290
2016-09-30 01:09:00 -0400,0.709,0.290
2016-09-30 05:12:00 -0400,0.717,0.282
2016-09-30 09:14:00 -0400,0.717,0.284
2016-09-30 13:17:00 -0400,0.727,0.269
2016-09-30 17:20:00 -0400,0.733,0.265
2016-09-30 21:20:00 -0400,0.744,0.258
2016-10-01 01:20:00 -0400,0.741,0.262
2016-10-01 05:23:00 -0400,0.735,0.262
2016-10-01 09:26:00 -0400,0.738,0.261
2016-10-01 13:26:00 -0400,0.733,0.265
2016-10-01 17:30:00 -0400,0.733,0.265
2016-10-01 21:34:00 -0400,0.730,0.269
2016-10-02 01:36:00 -0400,0.730,0.269
2016-10-02 05:36:00 -0400,0.733,0.265
2016-10-02 09:40:00 -0400,0.735,0.263
2016-10-02 13:43:00 -0400,0.727,0.269
2016-10-02 17:47:00 -0400,0.730,0.269
2016-10-02 21:51:00 -0400,0.727,0.274
2016-10-03 01:54:00 -0400,0.735,0.263
2016-10-03 05:58:00 -0400,0.738,0.263
2016-10-03 10:00:00 -0400,0.741,0.260
2016-10-03 14:05:00 -0400,0.744,0.258
2016-10-03 18:08:00 -0400,0.749,0.252
2016-10-03 22:11:00 -0400,0.746,0.253
2016-10-04 02:11:00 -0400,0.746,0.253
2016-10-04 06:15:00 -0400,0.741,0.255
2016-10-04 10:15:00 -0400,0.746,0.252
2016-10-04 14:16:00 -0400,0.746,0.250
2016-10-04 18:20:00 -0400,0.746,0.250
2016-10-04 22:20:00 -0400,0.752,0.247
2016-10-05 02:25:00 -0400,0.746,0.250
2016-10-05 06:30:00 -0400,0.749,0.247
2016-10-05 10:30:00 -0400,0.749,0.249
2016-10-05 14:32:00 -0400,0.749,0.250
2016-10-05 18:37:00 -0400,0.749,0.253
2016-10-05 22:41:00 -0400,0.749,0.247
2016-10-06 02:46:00 -0400,0.749,0.250
2016-10-06 06:46:00 -0400,0.744,0.258
2016-10-06 10:51:00 -0400,0.738,0.260
2016-10-06 14:56:00 -0400,0.738,0.261
2016-10-06 18:57:00 -0400,0.730,0.269
2016-10-06 23:02:00 -0400,0.738,0.257
2016-10-07 03:07:00 -0400,0.736,0.262
2016-10-07 07:08:00 -0400,0.738,0.261
2016-10-07 11:12:00 -0400,0.738,0.261
2016-10-07 15:15:00 -0400,0.738,0.263
2016-10-07 19:16:00 -0400,0.749,0.255
2016-10-07 23:18:00 -0400,0.769,0.226
2016-10-08 03:19:00 -0400,0.773,0.225
2016-10-08 07:21:00 -0400,0.769,0.227
2016-10-08 11:22:00 -0400,0.778,0.220
2016-10-08 15:25:00 -0400,0.797,0.188
2016-10-08 19:25:00 -0400,0.800,0.199
2016-10-08 23:26:00 -0400,0.797,0.202
2016-10-09 03:26:00 -0400,0.807,0.193
2016-10-09 07:27:00 -0400,0.810,0.192
2016-10-09 11:28:00 -0400,0.803,0.198
2016-10-09 15:28:00 -0400,0.813,0.185
2016-10-09 19:29:00 -0400,0.820,0.180
2016-10-09 23:31:00 -0400,0.797,0.206
2016-10-10 03:31:00 -0400,0.797,0.206
2016-10-10 07:31:00 -0400,0.797,0.202
2016-10-10 11:32:00 -0400,0.810,0.194
2016-10-10 15:32:00 -0400,0.823,0.177
2016-10-10 19:33:00 -0400,0.823,0.176
2016-10-10 23:34:00 -0400,0.827,0.173
2016-10-11 03:35:00 -0400,0.830,0.166
2016-10-11 07:36:00 -0400,0.837,0.164
2016-10-11 11:37:00 -0400,0.837,0.164
2016-10-11 15:39:00 -0400,0.837,0.164
2016-10-11 19:40:00 -0400,0.848,0.152
2016-10-11 23:41:00 -0400,0.848,0.152
2016-10-12 03:41:00 -0400,0.840,0.156
2016-10-12 07:42:00 -0400,0.844,0.156
2016-10-12 11:43:00 -0400,0.844,0.154
2016-10-12 15:44:00 -0400,0.844,0.154
2016-10-12 19:44:00 -0400,0.844,0.154
2016-10-12 23:46:00 -0400,0.848,0.152
2016-10-13 03:48:00 -0400,0.851,0.150
2016-10-13 07:49:00 -0400,0.858,0.141
2016-10-13 11:50:00 -0400,0.848,0.154
2016-10-13 15:50:00 -0400,0.844,0.154
2016-10-13 19:50:00 -0400,0.851,0.152
2016-10-13 23:50:00 -0400,0.851,0.149
2016-10-14 03:50:00 -0400,0.851,0.150
2016-10-14 07:52:00 -0400,0.851,0.152
2016-10-14 11:52:00 -0400,0.848,0.152
2016-10-14 15:53:00 -0400,0.844,0.156
2016-10-14 19:54:00 -0400,0.844,0.156
2016-10-14 23:56:00 -0400,0.844,0.156
2016-10-15 03:57:00 -0400,0.844,0.156
2016-10-15 07:58:00 -0400,0.844,0.154
2016-10-15 11:59:00 -0400,0.844,0.156
2016-10-15 16:00:00 -0400,0.844,0.156
2016-10-15 20:01:00 -0400,0.844,0.159
2016-10-16 00:02:00 -0400,0.844,0.159
2016-10-16 04:02:00 -0400,0.840,0.156
2016-10-16 08:02:00 -0400,0.840,0.156
2016-10-16 12:02:00 -0400,0.844,0.159
2016-10-16 16:02:00 -0400,0.837,0.159
2016-10-16 20:02:00 -0400,0.840,0.156
2016-10-17 00:03:00 -0400,0.840,0.156
2016-10-17 04:04:00 -0400,0.848,0.152
2016-10-17 08:05:00 -0400,0.844,0.156
2016-10-17 12:07:00 -0400,0.837,0.162
2016-10-17 16:09:00 -0400,0.837,0.164
2016-10-17 20:11:00 -0400,0.837,0.164
2016-10-18 00:12:00 -0400,0.837,0.164
2016-10-18 04:13:00 -0400,0.837,0.162
2016-10-18 08:13:00 -0400,0.837,0.162
2016-10-18 12:14:00 -0400,0.844,0.156
2016-10-18 16:16:00 -0400,0.837,0.162
2016-10-18 20:16:00 -0400,0.837,0.162
2016-10-19 00:16:00 -0400,0.837,0.164
2016-10-19 04:16:00 -0400,0.830,0.171
2016-10-19 08:17:00 -0400,0.833,0.167
2016-10-19 12:17:00 -0400,0.830,0.171
2016-10-19 16:18:00 -0400,0.833,0.165
2016-10-19 20:20:00 -0400,0.830,0.168
2016-10-20 00:21:00 -0400,0.837,0.161
2016-10-20 04:21:00 -0400,0.837,0.164
2016-10-20 08:22:00 -0400,0.848,0.154
2016-10-20 12:23:00 -0400,0.844,0.154
2016-10-20 16:25:00 -0400,0.844,0.154
2016-10-20 20:27:00 -0400,0.844,0.156
2016-10-21 00:27:00 -0400,0.844,0.156
2016-10-21 04:28:00 -0400,0.840,0.159
2016-10-21 08:29:00 -0400,0.844,0.159
2016-10-21 12:30:00 -0400,0.840,0.159
2016-10-21 16:31:00 -0400,0.837,0.162
2016-10-21 20:32:00 -0400,0.837,0.162
2016-10-22 00:34:00 -0400,0.837,0.162
2016-10-22 04:36:00 -0400,0.837,0.162
2016-10-22 08:37:00 -0400,0.837,0.164
2016-10-22 12:39:00 -0400,0.837,0.162
2016-10-22 16:39:00 -0400,0.837,0.164
2016-10-22 20:40:00 -0400,0.837,0.164
2016-10-23 00:41:00 -0400,0.837,0.164
2016-10-23 04:42:00 -0400,0.837,0.164
2016-10-23 08:43:00 -0400,0.830,0.168
2016-10-23 12:44:00 -0400,0.830,0.168
2016-10-23 16:45:00 -0400,0.840,0.162
2016-10-23 20:45:00 -0400,0.837,0.164
2016-10-24 00:46:00 -0400,0.837,0.164
2016-10-24 04:47:00 -0400,0.837,0.164
2016-10-24 08:49:00 -0400,0.830,0.168
2016-10-24 12:50:00 -0400,0.830,0.168
2016-10-24 16:50:00 -0400,0.837,0.164
2016-10-24 20:52:00 -0400,0.837,0.165
2016-10-25 00:52:00 -0400,0.837,0.164
2016-10-25 04:53:00 -0400,0.830,0.168
2016-10-25 08:53:00 -0400,0.830,0.168
2016-10-25 12:55:00 -0400,0.855,0.148
2016-10-25 16:55:00 -0400,0.848,0.152
2016-10-25 20:56:00 -0400,0.851,0.152
2016-10-26 00:57:00 -0400,0.848,0.154
2016-10-26 04:58:00 -0400,0.851,0.150
2016-10-26 08:59:00 -0400,0.840,0.159
2016-10-26 13:01:00 -0400,0.833,0.165
2016-10-26 17:01:00 -0400,0.830,0.168
2016-10-26 21:01:00 -0400,0.830,0.168
2016-10-27 01:01:00 -0400,0.830,0.171
2016-10-27 05:02:00 -0400,0.830,0.171
2016-10-27 09:03:00 -0400,0.830,0.173
2016-10-27 13:03:00 -0400,0.830,0.170
2016-10-27 17:05:00 -0400,0.833,0.165
2016-10-27 21:07:00 -0400,0.830,0.168
2016-10-28 01:07:00 -0400,0.830,0.171
2016-10-28 05:08:00 -0400,0.833,0.167
2016-10-28 09:09:00 -0400,0.823,0.179
2016-10-28 13:10:00 -0400,0.816,0.182
2016-10-28 17:10:00 -0400,0.778,0.220
2016-10-28 21:10:00 -0400,0.767,0.231
2016-10-29 01:11:00 -0400,0.769,0.228
2016-10-29 05:12:00 -0400,0.772,0.225
2016-10-29 09:14:00 -0400,0.749,0.249
2016-10-29 13:15:00 -0400,0.766,0.233
2016-10-29 17:16:00 -0400,0.772,0.230
2016-10-29 21:18:00 -0400,0.769,0.227
2016-10-30 01:19:00 -0400,0.772,0.225
2016-10-30 05:21:00 -0400,0.772,0.225
2016-10-30 09:21:00 -0400,0.769,0.230
2016-10-30 13:22:00 -0400,0.772,0.230
2016-10-30 17:23:00 -0400,0.781,0.220
2016-10-30 21:24:00 -0400,0.772,0.230
2016-10-31 01:25:00 -0400,0.775,0.225
2016-10-31 05:26:00 -0400,0.763,0.236
2016-10-31 09:26:00 -0400,0.766,0.233
2016-10-31 13:27:00 -0400,0.766,0.233
2016-10-31 17:27:00 -0400,0.761,0.235
2016-10-31 21:28:00 -0400,0.758,0.238
2016-11-01 10:00:00 -0400,0.749,0.253
2016-11-01 14:00:00 -0400,0.733,0.269
2016-11-01 18:03:00 -0400,0.735,0.265
2016-11-01 22:03:00 -0400,0.741,0.258
2016-11-02 02:05:00 -0400,0.733,0.265
2016-11-02 06:08:00 -0400,0.725,0.278
2016-11-02 10:08:00 -0400,0.738,0.267
2016-11-02 14:11:00 -0400,0.733,0.267
2016-11-02 18:12:00 -0400,0.735,0.265
2016-11-02 22:14:00 -0400,0.735,0.263
2016-11-03 02:14:00 -0400,0.727,0.270
2016-11-03 06:15:00 -0400,0.699,0.301
2016-11-03 10:16:00 -0400,0.717,0.284
2016-11-03 14:18:00 -0400,0.707,0.292
2016-11-03 18:18:00 -0400,0.707,0.292
2016-11-03 22:19:00 -0400,0.720,0.280
2016-11-04 02:19:00 -0400,0.717,0.284
2016-11-04 06:19:00 -0400,0.712,0.286
2016-11-04 10:20:00 -0400,0.744,0.258
2016-11-04 14:21:00 -0400,0.763,0.233
2016-11-04 18:21:00 -0400,0.755,0.244
2016-11-04 22:23:00 -0400,0.758,0.241
2016-11-05 02:25:00 -0400,0.761,0.241
2016-11-05 06:25:00 -0400,0.758,0.238
2016-11-05 10:25:00 -0400,0.781,0.220
2016-11-05 14:28:00 -0400,0.781,0.218
2016-11-05 18:28:00 -0400,0.784,0.213
2016-11-05 22:29:00 -0400,0.788,0.211
2016-11-06 02:01:00 -0500,0.794,0.206
2016-11-06 06:03:00 -0500,0.794,0.206
2016-11-06 10:05:00 -0500,0.791,0.208
2016-11-06 14:06:00 -0500,0.788,0.211
2016-11-06 18:07:00 -0500,0.837,0.164
