unix_timestamp,clinton-pp,clinton-po,clinton-nc,trump-pp,trump-po,trump-nc
1477970220,0.7311,0.7518,0.73595,0.26825,0.24765,0.263
1477954140,0.7357,0.7539,0.7349,0.2639,0.2457,0.2643
1477946100,0.7435,0.7557,0.7415,0.2553,0.2437,0.258
1477944900,0.7359,0.7547,0.7329,0.2632,0.2449,0.2658
1477943640,0.7415,0.7556,0.7397,0.2576,0.2437,0.2598
1477937460,0.7441,0.7607,0.7447,0.2552,0.2388,0.255
1477934760,0.7409,0.757,0.7413,0.2589,0.2423,0.2577
1477931580,0.7626,0.7778,0.767,0.2369,0.2216,0.2322
1477927380,0.7637,0.7808,0.7704,0.2356,0.2187,0.2286
1477919760,0.7582,0.773,0.757,0.2415,0.2265,0.2422
1477852920,0.7662,0.7894,0.7736,0.2331,0.2101,0.2255
1477841700,0.7708,0.785,0.781,0.2288,0.2143,0.2181
1477840560,0.769,0.7884,0.7791,0.2308,0.2112,0.22
1477837860,0.7685,0.7855,0.7766,0.2314,0.2138,0.2224
1477789560,0.78975,0.811,0.80375,0.2099,0.18865,0.19565
1477773000,0.789,0.81,0.8013,0.2108,0.1895,0.1979
1477758540,0.7842,0.8064,0.8001,0.2152,0.193,0.1993
1477748700,0.7843,0.8061,0.8007,0.2154,0.1936,0.1984
1477700640,0.7923,0.8142,0.8069,0.2071,0.1853,0.1926
1477690680,0.7908,0.8123,0.8075,0.2089,0.1871,0.1915
1477688580,0.7906,0.8198,0.8106,0.2088,0.1796,0.1887
1477687380,0.7909,0.8156,0.8091,0.2086,0.1837,0.19
1477681020,0.7905,0.8158,0.8119,0.2091,0.1836,0.1875
1477677120,0.7912,0.8106,0.8093,0.2081,0.1891,0.1896
1477671180,0.7949,0.8201,0.8119,0.2046,0.1794,0.1872
1477670040,0.7976,0.8203,0.8115,0.2016,0.1792,0.1873
1477659840,0.7912,0.8123,0.8017,0.2082,0.187,0.1978
1477657260,0.7893,0.8126,0.8038,0.2098,0.187,0.1957
1477614840,0.7997,0.8209,0.8143,0.1998,0.1788,0.185
1477602120,0.8098,0.8301,0.8216,0.1892,0.1696,0.1773
1477599480,0.8069,0.8258,0.8191,0.1925,0.1739,0.1802
1477596660,0.8081,0.8294,0.8306,0.191,0.1699,0.1686
1477593300,0.8172,0.8407,0.8355,0.1823,0.1586,0.1637
1477590840,0.8121,0.8383,0.8335,0.1871,0.1611,0.1656
1477587420,0.8213,0.842,0.8429,0.1782,0.1577,0.1564
1477583700,0.8223,0.8436,0.842,0.1771,0.156,0.1567
1477582380,0.8205,0.8425,0.8422,0.1786,0.1572,0.1573
1477575780,0.8242,0.8466,0.8423,0.175,0.1527,0.157
1477572660,0.831,0.8461,0.8499,0.1686,0.1532,0.1497
1477547880,0.8376,0.8565,0.8628,0.1618,0.1432,0.1366
1477532880,0.8323,0.85415,0.8592,0.1672,0.14545,0.1401
1477521900,0.8344,0.8542,0.8624,0.1645,0.1456,0.1371
1477519920,0.8385,0.8582,0.8659,0.161,0.1413,0.1335
1477517220,0.8367,0.8606,0.8722,0.163,0.1391,0.1273
1477514760,0.823,0.8436,0.8519,0.1764,0.1557,0.1473
1477510800,0.8252,0.8493,0.8525,0.1746,0.1505,0.1471
1477506720,0.8231,0.8505,0.8541,0.1766,0.1491,0.1453
1477505580,0.8213,0.842,0.8468,0.1782,0.1579,0.1526
1477503120,0.8168,0.8447,0.8474,0.1829,0.1546,0.1518
1477495740,0.8302,0.8468,0.8566,0.1693,0.1528,0.1424
1477486680,0.8218,0.8457,0.8525,0.1777,0.1541,0.1465
1477485540,0.8195,0.843,0.8505,0.18,0.1566,0.1489
1477452000,0.82635,0.85045,0.85635,0.17325,0.1491,0.143
1477440840,0.8271,0.8475,0.8573,0.1726,0.152,0.1423
1477428060,0.8298,0.8537,0.8607,0.1696,0.1462,0.1387
1477426140,0.8323,0.8538,0.8625,0.1672,0.1457,0.137
1477422900,0.8322,0.8553,0.8602,0.1674,0.1446,0.1393
1477420200,0.8287,0.8534,0.8578,0.1706,0.1462,0.142
1477419000,0.8323,0.8584,0.8608,0.1676,0.1414,0.139
1477417920,0.8372,0.8553,0.865,0.1624,0.1444,0.1347
1477415520,0.832,0.8591,0.8661,0.1674,0.1405,0.1331
1477408200,0.8301,0.8596,0.863,0.1695,0.1401,0.136
1477404960,0.8438,0.8645,0.8705,0.1559,0.1353,0.1286
1477402680,0.8398,0.8629,0.8656,0.1598,0.1364,0.1343
1477401120,0.8356,0.8608,0.8636,0.1639,0.1389,0.1358
1477399920,0.8342,0.8588,0.8617,0.1655,0.1409,0.1374
1477364820,0.83875,0.863,0.86705,0.16085,0.13675,0.1323
1477349940,0.84,0.861,0.8658,0.1598,0.1388,0.1331
1477348020,0.8297,0.8507,0.8533,0.17,0.1491,0.1459
1477343220,0.831,0.8536,0.8579,0.1686,0.1462,0.1415
1477341840,0.8308,0.8565,0.8544,0.1687,0.1431,0.1451
1477333680,0.8325,0.8519,0.8577,0.1672,0.1478,0.1417
1477330500,0.839,0.8645,0.8673,0.1609,0.1354,0.1324
1477328400,0.8398,0.8656,0.8668,0.1599,0.1342,0.133
1477324380,0.8414,0.8624,0.8654,0.1583,0.1375,0.1342
1477315080,0.8403,0.8622,0.8656,0.1593,0.1376,0.1335
1477255260,0.837,0.8604,0.8604,0.1624,0.1394,0.1389
1477235160,0.8503,0.8739,0.8785,0.1493,0.1259,0.1209
1477231200,0.8489,0.8694,0.8751,0.1508,0.1303,0.1247
1477158060,0.8335,0.8582,0.8624,0.1661,0.1416,0.1373
1477149720,0.8299,0.8596,0.8583,0.1693,0.1401,0.1412
1477148460,0.8326,0.8583,0.859,0.1672,0.1414,0.1404
1477139700,0.8351,0.8581,0.8598,0.1646,0.1417,0.1395
1477088520,0.8408,0.8674,0.8655,0.1588,0.1324,0.1337
1477085520,0.8386,0.8629,0.8635,0.1611,0.1367,0.1361
1477080900,0.8388,0.8611,0.863,0.1609,0.1387,0.1361
1477076460,0.8353,0.8648,0.866,0.1644,0.1349,0.1332
1477075260,0.8393,0.8677,0.8667,0.1604,0.1322,0.1328
1477073460,0.8376,0.8651,0.8641,0.1619,0.1347,0.1354
1477072200,0.836,0.8639,0.8609,0.1635,0.1356,0.1385
1477067160,0.8393,0.8663,0.8624,0.1601,0.1334,0.1371
1477057380,0.8374,0.8621,0.8649,0.1619,0.1377,0.1346
1477013460,0.84065,0.8703,0.87,0.1592,0.12955,0.12945
1477009680,0.841,0.8693,0.8739,0.1586,0.1304,0.1257
1477004460,0.8406,0.8659,0.8722,0.159,0.134,0.1272
1476988080,0.8407,0.8689,0.8723,0.1588,0.131,0.1274
1476984780,0.8381,0.8671,0.8643,0.1612,0.1327,0.1349
1476981840,0.8344,0.8616,0.8653,0.1654,0.1379,0.1342
1476980340,0.8326,0.8607,0.8651,0.167,0.1391,0.1341
1476969360,0.834,0.8624,0.8616,0.1659,0.1372,0.138
1476964560,0.8459,0.8722,0.8789,0.1539,0.1274,0.1203
1476912960,0.8465,0.8711,0.8747,0.1531,0.1287,0.1249
1476911820,0.8419,0.8691,0.8726,0.1578,0.1302,0.127
1476910740,0.8388,0.8624,0.8758,0.1609,0.1374,0.1238
1476906060,0.8416,0.867,0.8755,0.1582,0.1328,0.1238
1476904080,0.8422,0.8688,0.8785,0.1577,0.1311,0.121
1476900960,0.833,0.86,0.8733,0.1669,0.1398,0.1264
1476896700,0.8351,0.8653,0.8753,0.1648,0.1342,0.1245
1476893220,0.8452,0.8768,0.8934,0.1545,0.1229,0.1061
1476890640,0.8495,0.8808,0.8906,0.1503,0.119,0.1091
1476887100,0.8452,0.8757,0.8913,0.1546,0.1238,0.1083
1476885360,0.8497,0.8778,0.8899,0.15,0.1218,0.11
1476883200,0.8457,0.8766,0.8925,0.1541,0.1233,0.1071
1476881100,0.8404,0.8722,0.8849,0.1594,0.1276,0.1149
1476842640,0.8403,0.8735,0.8874,0.1594,0.1264,0.1124
1476840660,0.84005,0.8702,0.8865,0.1597,0.12945,0.11315
1476829620,0.8401,0.8757,0.8893,0.1597,0.1241,0.1102
1476826620,0.8417,0.8738,0.8874,0.1576,0.1261,0.1121
1476816960,0.8458,0.8764,0.8914,0.1539,0.1232,0.1083
1476812940,0.8445,0.8772,0.8955,0.1554,0.1225,0.1042
1476809700,0.8424,0.8742,0.89,0.1574,0.1255,0.1096
1476805740,0.8436,0.874,0.8931,0.1561,0.1257,0.1065
1476803880,0.8455,0.8755,0.8935,0.1541,0.1244,0.1064
1476800520,0.8499,0.8799,0.898,0.15,0.1198,0.1016
1476794880,0.8468,0.8792,0.8985,0.1531,0.1205,0.1013
1476792540,0.8497,0.8831,0.9027,0.1497,0.1167,0.097
1476755100,0.85145,0.88215,0.90735,0.1482,0.11775,0.09225
1476753120,0.8568,0.88625,0.911,0.1431,0.1135,0.08865
1476745560,0.8603,0.8871,0.909,0.1395,0.1127,0.0907
1476744060,0.8518,0.8816,0.9025,0.1475,0.1181,0.0971
1476741300,0.8464,0.8828,0.904,0.1535,0.117,0.0953
1476740100,0.8511,0.8817,0.9047,0.1488,0.1181,0.095
1476732480,0.8542,0.8842,0.904,0.1457,0.1155,0.0955
1476727260,0.8484,0.8772,0.8963,0.1512,0.1226,0.1033
1476722880,0.8434,0.8751,0.8981,0.1564,0.1246,0.1014
1476717780,0.8489,0.8799,0.9033,0.1505,0.1199,0.0961
1476716700,0.8482,0.877,0.8984,0.1516,0.1229,0.1012
1476709800,0.8432,0.8726,0.8984,0.1567,0.1272,0.1013
1476707520,0.8393,0.8723,0.8914,0.1605,0.1276,0.1084
1476667800,0.8312,0.8657,0.8878,0.16865,0.1341,0.11205
1476659760,0.8271,0.8633,0.8834,0.1726,0.1363,0.1165
1476635820,0.8285,0.8623,0.8845,0.1713,0.1376,0.1153
1476626580,0.8312,0.8609,0.8849,0.1686,0.139,0.1149
1476619440,0.8162,0.8508,0.8681,0.1835,0.1491,0.1315
1476596340,0.8147,0.8482,0.8695,0.1852,0.1517,0.13
1476585720,0.81635,0.8549,0.8743,0.1834,0.14495,0.1255
1476567060,0.8141,0.8537,0.8709,0.1857,0.1462,0.1286
1476548520,0.8212,0.8563,0.8772,0.1787,0.1435,0.1225
1476533220,0.819,0.8575,0.8744,0.1806,0.1422,0.1254
1476480420,0.8226,0.8573,0.8781,0.1771,0.1426,0.1212
1476473520,0.8185,0.8488,0.8732,0.1814,0.1508,0.1265
1476469200,0.8211,0.8549,0.8798,0.1784,0.1446,0.12
1476465480,0.8168,0.8517,0.874,0.1831,0.1482,0.1254
1476458580,0.8183,0.847,0.8748,0.1813,0.1527,0.1248
1476450240,0.8095,0.844,0.8748,0.1903,0.1559,0.125
1476449160,0.8159,0.8511,0.8751,0.1839,0.1488,0.1247
1476413460,0.8202,0.85625,0.88495,0.17965,0.14355,0.11465
1476399180,0.8269,0.8612,0.8865,0.17295,0.13835,0.11315
1476391800,0.8212,0.8592,0.8842,0.1787,0.1406,0.1156
1476386820,0.8383,0.8732,0.9059,0.1614,0.1266,0.094
1476382680,0.8425,0.8697,0.9069,0.1574,0.1301,0.0928
1476379980,0.8399,0.8697,0.904,0.1598,0.1302,0.0959
1476377700,0.8353,0.869,0.9029,0.1644,0.1308,0.0967
1476376620,0.8328,0.8667,0.9029,0.167,0.1332,0.0966
1476371760,0.8327,0.8707,0.9056,0.1671,0.1291,0.0939
1476363180,0.8313,0.8626,0.8977,0.1686,0.1372,0.1022
1476361380,0.8324,0.8692,0.9033,0.1675,0.1307,0.0966
1476359640,0.8339,0.869,0.9048,0.1659,0.1309,0.0951
1476317220,0.83295,0.8693,0.9093,0.16695,0.1306,0.09055
1476308040,0.8338,0.8654,0.9066,0.1661,0.1344,0.0933
1476304140,0.8263,0.8625,0.9003,0.1735,0.1374,0.0996
1476302340,0.8268,0.8613,0.9007,0.173,0.1386,0.0992
1476299100,0.8257,0.8635,0.9012,0.1742,0.1364,0.0987
1476295980,0.8331,0.8636,0.9048,0.1668,0.1363,0.095
1476293340,0.8324,0.8671,0.9097,0.1675,0.1328,0.0902
1476292380,0.8318,0.8711,0.9097,0.1681,0.1288,0.0902
1476281940,0.8299,0.862,0.9083,0.1699,0.1378,0.0916
1476276600,0.8289,0.8651,0.9077,0.171,0.1348,0.0922
1476226800,0.7986,0.8349,0.87525,0.2013,0.165,0.12465
1476218460,0.799,0.8356,0.8735,0.2009,0.1643,0.1264
1476212820,0.7974,0.8296,0.8714,0.2024,0.1703,0.1285
1476205800,0.8015,0.8343,0.8784,0.1984,0.1656,0.1215
1476193800,0.8087,0.8395,0.8814,0.1912,0.1604,0.1184
1476185580,0.7958,0.8289,0.8653,0.204,0.171,0.1346
1476141180,0.7967,0.8389,0.88015,0.20315,0.161,0.1197
1476139560,0.8051,0.83785,0.87765,0.1948,0.16205,0.12225
1476134520,0.799,0.8342,0.8784,0.2008,0.1657,0.1214
1476131340,0.7978,0.8345,0.8764,0.202,0.1654,0.1234
1476121080,0.7983,0.8364,0.8767,0.2016,0.1635,0.1232
1476116280,0.7888,0.8216,0.867,0.2111,0.1783,0.1329
1476111180,0.7893,0.8248,0.8721,0.2106,0.1751,0.1278
1476108840,0.7874,0.8237,0.8666,0.2125,0.1761,0.1333
1476105120,0.7822,0.8227,0.8675,0.2177,0.1772,0.1324
1476101160,0.7738,0.813,0.8531,0.226,0.1868,0.1468
1476058440,0.776,0.81545,0.8606,0.22385,0.18445,0.1393
1476052440,0.7796,0.8196,0.8637,0.22025,0.1802,0.1362
1476030300,0.77065,0.8127,0.8534,0.22915,0.1871,0.14645
1476021300,0.7775,0.81545,0.863,0.2224,0.18435,0.1369
1476019680,0.7775,0.81585,0.86445,0.22235,0.184,0.1354
1475978220,0.77355,0.8155,0.8657,0.2263,0.18435,0.1342
1475973900,0.7736,0.81155,0.86715,0.22625,0.1883,0.13275
1475969700,0.7745,0.81595,0.86545,0.22535,0.1839,0.13445
1475954280,0.7732,0.81415,0.86615,0.22665,0.1857,0.13375
1475939460,0.7731,0.8144,0.87025,0.2268,0.1855,0.12965
1475893560,0.77365,0.8135,0.87165,0.22625,0.18635,0.12825
1475888040,0.7663,0.80705,0.8636,0.2336,0.19285,0.1363
1475882580,0.7606,0.8002,0.86255,0.23925,0.1997,0.1374
1475876400,0.7669,0.8046,0.8689,0.2329,0.1952,0.131
1475873460,0.772,0.8074,0.8761,0.2279,0.1925,0.1238
1475869860,0.7592,0.7986,0.8683,0.2407,0.2013,0.1316
1475867040,0.7603,0.7963,0.8652,0.2396,0.2036,0.1347
1475864940,0.7564,0.801,0.8665,0.2435,0.1989,0.1334
1475858460,0.7542,0.796,0.8679,0.2457,0.2038,0.132
1475847360,0.7566,0.7931,0.8649,0.2432,0.2068,0.135
1475838960,0.7525,0.7884,0.8617,0.2474,0.2114,0.1382
1475801880,0.75435,0.78655,0.87055,0.24545,0.2133,0.1293
1475791740,0.7501,0.7842,0.8541,0.2498,0.2157,0.1457
1475789640,0.7489,0.7828,0.8547,0.251,0.217,0.1452
1475777100,0.7456,0.7882,0.8552,0.2542,0.2116,0.1446
1475771640,0.7476,0.7867,0.8581,0.2522,0.2131,0.1418
1475770380,0.7413,0.7797,0.8494,0.2586,0.2202,0.1505
1475765760,0.7424,0.7843,0.8524,0.2575,0.2156,0.1475
1475763420,0.747,0.783,0.8514,0.2529,0.2168,0.1485
1475761200,0.7387,0.7738,0.8326,0.2612,0.2261,0.1672
1475758800,0.7345,0.7745,0.8326,0.2653,0.2254,0.1673
1475718780,0.72565,0.76205,0.8222,0.2742,0.23775,0.17765
1475711640,0.72805,0.76745,0.8305,0.27175,0.23235,0.16935
1475702340,0.7245,0.7621,0.8251,0.2754,0.2378,0.1748
1475696880,0.7184,0.7549,0.819,0.2814,0.2449,0.1808
1475688360,0.7174,0.7547,0.8187,0.2824,0.2451,0.1812
1475683380,0.7134,0.7545,0.8163,0.2865,0.2453,0.1835
1475677380,0.7191,0.7538,0.8232,0.2808,0.246,0.1766
1475673900,0.7117,0.75,0.8184,0.2881,0.2499,0.1815
1475670660,0.7136,0.7496,0.8136,0.2863,0.2502,0.1863
1475614800,0.7119,0.7486,0.8187,0.2879,0.2512,0.1812
1475606340,0.7003,0.7317,0.804,0.2996,0.2681,0.1959
1475602800,0.6986,0.7359,0.8022,0.3013,0.2639,0.1976
1475595240,0.6896,0.7284,0.803,0.3103,0.2714,0.1968
1475591520,0.6917,0.7242,0.7985,0.3081,0.2757,0.2014
1475586840,0.6877,0.7243,0.7925,0.3122,0.2755,0.2073
1475584260,0.6905,0.72,0.7888,0.3093,0.2798,0.2111
1475560860,0.6874,0.7186,0.78955,0.31245,0.28115,0.21035
1475544780,0.6852,0.71765,0.79795,0.31465,0.2822,0.2019
1475536740,0.6835,0.71715,0.79625,0.31635,0.2827,0.2036
1475535120,0.68205,0.71715,0.79895,0.31775,0.2827,0.20085
1475527200,0.6767,0.7084,0.7795,0.323,0.2913,0.2204
1475523000,0.6673,0.6979,0.7741,0.3325,0.3019,0.2257
1475522100,0.6712,0.7017,0.7719,0.3287,0.2981,0.2279
1475519760,0.6657,0.6975,0.7668,0.3342,0.3023,0.233
1475518860,0.6521,0.6844,0.756,0.3476,0.3154,0.2438
1475509320,0.6487,0.6812,0.7535,0.3511,0.3186,0.2463
1475499720,0.6517,0.6865,0.763,0.3481,0.3132,0.2367
1475497500,0.6536,0.6766,0.7528,0.3461,0.3232,0.247
1475439300,0.63835,0.6671,0.7277,0.36145,0.33265,0.27205
1475417160,0.64425,0.67035,0.73265,0.35555,0.32925,0.2671
1475350680,0.6457,0.6732,0.7435,0.35405,0.32655,0.25635
1475326200,0.64445,0.677,0.74905,0.35525,0.3227,0.25075
1475275860,0.65005,0.67495,0.7657,0.34975,0.3248,0.23405
1475264460,0.6438,0.6726,0.7616,0.356,0.3271,0.2381
1475257200,0.6477,0.6721,0.7612,0.352,0.3276,0.2386
1475253300,0.6451,0.6669,0.7567,0.3546,0.3328,0.243
1475249820,0.6319,0.6579,0.7505,0.3679,0.3418,0.2493
1475238420,0.6344,0.6634,0.7384,0.3654,0.3364,0.2613
1475237520,0.6236,0.6527,0.725,0.3762,0.347,0.2746
1475178420,0.6116,0.6326,0.7239,0.3881,0.3671,0.2757
1475171580,0.6011,0.6243,0.6998,0.3987,0.3754,0.3
1475155200,0.6069,0.6224,0.6925,0.3929,0.3772,0.3072
1475150820,0.6013,0.6134,0.6884,0.3985,0.3864,0.3112
1475110680,0.5657,0.579,0.62525,0.43405,0.4208,0.3745
1475104980,0.55915,0.5749,0.60995,0.4406,0.42485,0.3898
1475085960,0.56,0.5821,0.6025,0.4398,0.4176,0.3972
1475074140,0.558,0.5577,0.5497,0.4418,0.442,0.4501
1475068080,0.557,0.5572,0.5475,0.4428,0.4427,0.4523
1475061060,0.552,0.5524,0.5328,0.4477,0.4473,0.4671
1475016540,0.5522,0.55735,0.53755,0.44755,0.44245,0.46225
1475005380,0.5538,0.5543,0.527,0.4461,0.4455,0.4728
1474977960,0.548,0.5547,0.5296,0.4518,0.4451,0.4701
1474930260,0.54595,0.5478,0.52055,0.45385,0.45195,0.47925
1474927560,0.544,0.5519,0.5182,0.4558,0.4478,0.4815
1474926120,0.5464,0.55,0.5236,0.4534,0.4498,0.4762
1474921380,0.5423,0.5405,0.5061,0.4575,0.4592,0.4938
1474917540,0.5383,0.5395,0.5065,0.4616,0.4602,0.4933
1474916640,0.5323,0.5401,0.4965,0.4674,0.4597,0.5033
1474911840,0.5342,0.5362,0.4907,0.4656,0.4636,0.509
1474909800,0.5318,0.5317,0.4806,0.4681,0.468,0.5192
1474908420,0.5222,0.5247,0.4571,0.4777,0.4751,0.5428
1474904880,0.5119,0.5176,0.4464,0.488,0.4822,0.5534
1474901160,0.518,0.518,0.4547,0.4817,0.4818,0.5451
1474894980,0.5191,0.5148,0.4509,0.4807,0.485,0.549
1474893300,0.5782,0.5818,0.5701,0.4216,0.4179,0.4297
1474856820,0.57065,0.57755,0.56035,0.4292,0.42225,0.43955
1474852620,0.5675,0.57525,0.5506,0.4324,0.42455,0.44925
1474822200,0.57555,0.5812,0.5596,0.42425,0.41855,0.4402
1474817280,0.5748,0.5766,0.56375,0.425,0.42315,0.4361
1474813440,0.5752,0.5807,0.56,0.4246,0.419,0.4399
1474809120,0.5756,0.5764,0.563,0.4242,0.4234,0.43685
1474784100,0.5792,0.58225,0.57315,0.4206,0.4175,0.42665
1474765560,0.5802,0.5876,0.57895,0.4196,0.4122,0.42085
1474739340,0.59465,0.6049,0.61515,0.40515,0.3948,0.38465
1474702080,0.60225,0.60825,0.6146,0.39755,0.3915,0.3852
1474667580,0.6126,0.6168,0.641,0.3872,0.3829,0.3587
1474662000,0.6104,0.6164,0.641,0.3894,0.3834,0.3588
1474653780,0.6062,0.617,0.6393,0.3936,0.3828,0.3605
1474651500,0.6015,0.6109,0.6173,0.3983,0.3889,0.3825
1474640160,0.6007,0.6029,0.612,0.3991,0.3967,0.3877
1474592280,0.5991,0.60485,0.61255,0.4007,0.3949,0.38725
1474573020,0.5927,0.5937,0.5975,0.4071,0.406,0.4023
1474571280,0.5873,0.5891,0.5959,0.4125,0.4107,0.4039
1474568940,0.5863,0.5905,0.5961,0.4135,0.4092,0.4036
1474564080,0.5841,0.5935,0.598,0.4157,0.4062,0.4018
1474549260,0.578,0.5875,0.5913,0.4217,0.4121,0.4084
1474500120,0.57055,0.5762,0.5767,0.4292,0.42355,0.423
1474496880,0.5786,0.5832,0.5808,0.42115,0.4164,0.41895
1474491060,0.5681,0.5723,0.5629,0.4317,0.4273,0.4367
1474484880,0.5658,0.5682,0.551,0.434,0.4315,0.4488
1474481640,0.5634,0.5691,0.5509,0.4364,0.4305,0.4487
1474479060,0.5594,0.5652,0.5491,0.4404,0.4346,0.4507
1474474920,0.5605,0.5682,0.5509,0.4393,0.4315,0.4489
1474456800,0.5571,0.5706,0.5328,0.4426,0.429,0.467
1474400940,0.5591,0.5632,0.5212,0.4406,0.4365,0.4786
1474392600,0.588,0.5954,0.5765,0.4118,0.4043,0.4233
1474389480,0.576,0.5854,0.5815,0.4238,0.4144,0.4184
1474385580,0.5795,0.5863,0.5789,0.4203,0.4134,0.421
1474384680,0.583,0.5929,0.5862,0.4167,0.4067,0.4136
1474381560,0.5815,0.5867,0.5884,0.4183,0.413,0.4114
1474377900,0.5836,0.5889,0.5878,0.4161,0.4108,0.412
1474375980,0.5818,0.5945,0.5873,0.418,0.4052,0.4126
1474371240,0.5753,0.5849,0.5713,0.4245,0.4148,0.4284
1474306440,0.5893,0.5932,0.5755,0.4105,0.4065,0.4243
1474302780,0.5861,0.5947,0.5787,0.4137,0.4049,0.4211
1474298040,0.587,0.5969,0.5823,0.4128,0.4028,0.4176
1474295400,0.5982,0.6044,0.5956,0.4016,0.3953,0.4042
1474215120,0.597,0.61285,0.60375,0.40275,0.3869,0.39615
1474211880,0.59285,0.6111,0.60315,0.4069,0.3886,0.3967
1474167060,0.60255,0.6175,0.6142,0.3972,0.3822,0.3856
1474132140,0.59055,0.5981,0.5772,0.40925,0.40145,0.42265
1474081260,0.59235,0.6017,0.5759,0.4074,0.398,0.42395
1474053120,0.5886,0.5999,0.5743,0.4112,0.3999,0.4255
1474042920,0.5938,0.597,0.5732,0.406,0.4028,0.4266
1474028760,0.5951,0.6004,0.5758,0.4047,0.3993,0.424
1473981720,0.5963,0.6031,0.56705,0.40345,0.3966,0.43285
1473975900,0.6014,0.6055,0.5648,0.3984,0.3942,0.435
1473971100,0.6013,0.6082,0.5665,0.3984,0.3915,0.4334
1473965400,0.5988,0.6104,0.5659,0.401,0.3893,0.4339
1473960660,0.6033,0.6103,0.5864,0.3964,0.3893,0.4133
1473952560,0.6171,0.6232,0.6052,0.3827,0.3765,0.3946
1473946800,0.6168,0.6257,0.6065,0.3829,0.3739,0.3933
1473939660,0.624,0.6363,0.6308,0.3757,0.3632,0.3689
1473888120,0.6287,0.641,0.6372,0.371,0.3584,0.3626
1473885480,0.627,0.6426,0.6339,0.3727,0.357,0.3657
1473883740,0.6379,0.6575,0.6575,0.3617,0.3421,0.3422
1473882300,0.6386,0.6521,0.6584,0.3612,0.3476,0.3412
1473880020,0.6471,0.6553,0.6547,0.3527,0.3444,0.345
1473872520,0.6526,0.6679,0.6777,0.3472,0.3317,0.3222
1473865260,0.6602,0.6705,0.6957,0.3395,0.3291,0.3041
1473857280,0.6561,0.6704,0.695,0.3436,0.3292,0.3048
1473854700,0.6611,0.6787,0.7106,0.3386,0.3209,0.2891
1473814440,0.67035,0.68715,0.7217,0.3294,0.3124,0.278
1473804180,0.6648,0.6822,0.7022,0.3349,0.3174,0.2975
1473796860,0.676,0.6944,0.7268,0.3236,0.3052,0.2728
1473784680,0.6713,0.6955,0.7219,0.3283,0.304,0.2777
1473783780,0.6727,0.6924,0.7281,0.327,0.3072,0.2716
1473780060,0.678,0.6923,0.7297,0.3218,0.3072,0.2699
1473771300,0.6801,0.6938,0.7274,0.3195,0.3056,0.2723
1473766980,0.682,0.6926,0.7263,0.3177,0.3069,0.2733
1473736440,0.6858,0.6984,0.74015,0.31395,0.3011,0.2596
1473715140,0.6791,0.6896,0.7139,0.3204,0.31,0.2858
1473709020,0.6742,0.687,0.7164,0.3255,0.3126,0.2833
1473701340,0.6799,0.6861,0.7146,0.3198,0.3136,0.2851
1473700440,0.6763,0.6867,0.7175,0.3234,0.3127,0.282
1473697200,0.6782,0.6852,0.7163,0.3215,0.3142,0.2834
1473689880,0.6885,0.7039,0.7438,0.3112,0.2957,0.2558
1473688620,0.6903,0.7053,0.7436,0.3094,0.2941,0.256
1473684600,0.6918,0.7068,0.7471,0.3078,0.2927,0.2526
1473682080,0.6866,0.7067,0.7505,0.3131,0.2928,0.2491
1473631980,0.6885,0.7064,0.74685,0.31115,0.2931,0.25275
1473613260,0.6845,0.6995,0.7426,0.3151,0.30005,0.25715
1473535560,0.6837,0.70035,0.7479,0.316,0.29915,0.2517
1473508560,0.6801,0.69995,0.74715,0.3196,0.29945,0.2525
1473471960,0.6765,0.69555,0.7441,0.3232,0.3039,0.2556
1473439200,0.688,0.7026,0.7505,0.3117,0.297,0.249
1473436020,0.6763,0.6995,0.7235,0.3234,0.2999,0.2762
1473421260,0.68,0.6949,0.7205,0.3197,0.3046,0.2792
1473365100,0.6786,0.698,0.7234,0.3211,0.3016,0.2764
1473362940,0.6809,0.694,0.7278,0.3189,0.3057,0.2719
1473353580,0.6713,0.6879,0.7141,0.3285,0.3115,0.2856
1473348300,0.6725,0.6916,0.7143,0.3273,0.3079,0.2854
1473343020,0.6762,0.6949,0.7188,0.3236,0.3047,0.2808
1473340500,0.6759,0.6938,0.7222,0.3237,0.3058,0.2775
1473337440,0.6693,0.6822,0.6927,0.3304,0.3174,0.307
1473293340,0.65925,0.67345,0.6679,0.34045,0.32605,0.33185
1473267540,0.6661,0.6811,0.6825,0.3336,0.3184,0.3172
1473263220,0.6678,0.6794,0.6808,0.332,0.3202,0.319
1473260160,0.6554,0.6787,0.6659,0.3442,0.3209,0.3339
1473259140,0.6638,0.677,0.6661,0.336,0.3227,0.3337
1473254640,0.6646,0.6776,0.6695,0.3352,0.3221,0.3302
1473250920,0.6645,0.674,0.6613,0.3352,0.3256,0.3385
1473218820,0.6593,0.67845,0.66165,0.3404,0.3211,0.3381
1473204120,0.66275,0.67435,0.65935,0.337,0.32515,0.3404
1473187980,0.673,0.6883,0.6638,0.3268,0.3114,0.336
1473181740,0.6696,0.6817,0.6701,0.3302,0.3179,0.3296
1473171360,0.6745,0.6912,0.6766,0.3252,0.3084,0.3232
1473142380,0.69935,0.7202,0.72175,0.3004,0.27945,0.27795
1473096540,0.7033,0.723,0.737,0.2964,0.2766,0.2628
1473086400,0.692,0.7111,0.7155,0.3077,0.2886,0.2844
1473002580,0.6905,0.7132,0.71105,0.30925,0.2864,0.2887
1472917800,0.689,0.71495,0.7064,0.3108,0.28475,0.2934
1472856780,0.69365,0.7223,0.72285,0.3061,0.2773,0.27695
1472838840,0.6907,0.7207,0.7209,0.3091,0.2789,0.2789
1472831940,0.6994,0.7272,0.7353,0.3004,0.2723,0.2645
1472830260,0.7006,0.726,0.737,0.2993,0.2736,0.2628
1472818920,0.7074,0.7448,0.7593,0.2924,0.2549,0.2406
1472754240,0.7095,0.7382,0.7571,0.2903,0.2615,0.2427
1472747880,0.7083,0.7408,0.7588,0.2915,0.2589,0.241
1472743500,0.7001,0.7383,0.7451,0.2997,0.2615,0.2548
1472742660,0.7031,0.7345,0.7505,0.2966,0.2653,0.2493
1472737560,0.6998,0.7317,0.7244,0.3001,0.2681,0.2755
1472734260,0.7007,0.7307,0.7324,0.2991,0.269,0.2675
1472683560,0.7016,0.7384,0.73425,0.29825,0.2613,0.26555
1472679300,0.7066,0.7513,0.7503,0.2932,0.2484,0.2496
1472667300,0.7127,0.7544,0.7535,0.2871,0.2452,0.2463
1472664360,0.7212,0.7714,0.7734,0.2786,0.2282,0.2264
1472652660,0.7246,0.7728,0.7665,0.2752,0.2268,0.2334
1472646660,0.7284,0.7771,0.762,0.2715,0.2226,0.2378
1472611200,0.7299,0.77325,0.77145,0.2699,0.2264,0.22835
1472582280,0.7304,0.7731,0.7596,0.2694,0.2266,0.2402
1472578140,0.7394,0.7888,0.7853,0.2604,0.2107,0.2146
1472577300,0.7317,0.7834,0.7819,0.2681,0.2163,0.2178
1472572680,0.7369,0.788,0.7817,0.2629,0.2117,0.218
1472565540,0.7392,0.7906,0.7789,0.2606,0.209,0.221
1472556960,0.7356,0.7854,0.7719,0.2642,0.2142,0.2279
1472491980,0.7397,0.7881,0.776,0.2601,0.2116,0.2238
1472484420,0.7402,0.7945,0.7838,0.2596,0.2051,0.216
1472480040,0.7527,0.8076,0.8022,0.2471,0.1921,0.1977
1472479140,0.7505,0.8091,0.809,0.2493,0.1906,0.1908
1472476440,0.7509,0.8202,0.8138,0.2488,0.1794,0.1861
1472474280,0.7302,0.8078,0.8074,0.2695,0.1918,0.1925
1472395080,0.7325,0.8088,0.80675,0.26735,0.19085,0.1931
1472305440,0.73625,0.81415,0.81485,0.26355,0.18545,0.185
1472259660,0.7352,0.8111,0.7976,0.26455,0.1885,0.2022
1472245320,0.7306,0.804,0.8057,0.2693,0.1957,0.1941
1472237760,0.7291,0.8125,0.8144,0.2705,0.1871,0.1853
1472224620,0.7476,0.8266,0.8397,0.2522,0.173,0.1599
1472223300,0.7535,0.829,0.8475,0.2463,0.1706,0.1521
1472213160,0.7492,0.8303,0.8442,0.2505,0.1694,0.1554
1472145720,0.7525,0.8349,0.8528,0.2472,0.1646,0.147
1472142840,0.7535,0.8355,0.854,0.2462,0.1641,0.1457
1472141580,0.7516,0.8319,0.8424,0.2481,0.1676,0.1574
1472137560,0.7509,0.8384,0.8525,0.2489,0.1611,0.1473
1472129760,0.7499,0.8383,0.8528,0.2499,0.1614,0.147
1472127900,0.7408,0.8316,0.839,0.2588,0.1679,0.1608
1472080860,0.7486,0.8353,0.8439,0.2511,0.1644,0.15585
1472075280,0.7621,0.8474,0.8744,0.2376,0.1522,0.1254
1472059620,0.767,0.8491,0.876,0.2327,0.1506,0.1237
1472054040,0.7652,0.8497,0.8788,0.2346,0.15,0.1208
1472052540,0.7667,0.8533,0.8803,0.2331,0.1463,0.1196
1472042940,0.77,0.8535,0.8818,0.2297,0.1461,0.118
1472042100,0.7673,0.8536,0.8782,0.2324,0.1459,0.1216
1472007060,0.7592,0.8488,0.8697,0.2406,0.15075,0.1301
1471982100,0.7685,0.8505,0.8713,0.2313,0.1491,0.1286
1471973400,0.7609,0.8499,0.8719,0.2388,0.1498,0.1279
1471968000,0.7574,0.8453,0.8611,0.2423,0.1543,0.1387
1471963800,0.7568,0.8457,0.8635,0.243,0.154,0.1363
1471962000,0.757,0.8476,0.8634,0.2427,0.152,0.1364
1471956780,0.7586,0.851,0.8619,0.2412,0.1485,0.1379
1471890600,0.7424,0.841,0.8404,0.2574,0.1586,0.1593
1471889580,0.7405,0.8411,0.8393,0.2593,0.1586,0.1606
1471874760,0.7395,0.8425,0.8413,0.2603,0.1572,0.1585
1471870680,0.7451,0.8498,0.8495,0.2546,0.1499,0.1503
1471811820,0.74665,0.8466,0.8502,0.2531,0.15295,0.1496
1471792800,0.74895,0.8482,0.85315,0.2508,0.15145,0.14675
1471788600,0.7444,0.8483,0.853,0.25545,0.1513,0.14685
1471693020,0.7522,0.85735,0.87135,0.2475,0.14215,0.12845
1471656120,0.75605,0.85915,0.87505,0.24375,0.1404,0.12465
1471635300,0.761,0.8623,0.8698,0.2387,0.1374,0.13
1471617720,0.7599,0.8626,0.8739,0.2399,0.1369,0.1259
1471611960,0.7642,0.8653,0.8783,0.2355,0.1343,0.1214
1471609320,0.7648,0.868,0.8772,0.235,0.1316,0.1226
1471550880,0.7644,0.8617,0.8721,0.2354,0.1379,0.1277
1471535460,0.7837,0.8852,0.8948,0.216,0.1142,0.105
1471530660,0.7843,0.8874,0.8997,0.2155,0.1121,0.1001
1471524840,0.7872,0.8898,0.8946,0.2125,0.1098,0.1053
1471520040,0.783,0.8809,0.8918,0.2168,0.1187,0.108
1471457220,0.7847,0.8829,0.8912,0.215,0.1167,0.1084
1471455120,0.7732,0.8769,0.8765,0.2265,0.1226,0.1233
1471451820,0.7755,0.8744,0.8819,0.2241,0.1251,0.1179
1471442520,0.7738,0.8783,0.8749,0.2259,0.1213,0.1248
1471435860,0.7683,0.8709,0.8832,0.2314,0.1286,0.1166
1471434900,0.7681,0.8692,0.8788,0.2316,0.1303,0.1209
1471377720,0.7675,0.864,0.8737,0.2323,0.1355,0.1259
1471374600,0.7833,0.8826,0.9037,0.2165,0.1169,0.0961
1471371840,0.7932,0.8914,0.9165,0.2066,0.1083,0.0834
1471370040,0.7887,0.8865,0.9154,0.211,0.113,0.0844
1471363560,0.795,0.892,0.9168,0.2049,0.1075,0.083
1471361520,0.7902,0.8897,0.9167,0.2096,0.1099,0.0831
1471353480,0.7808,0.8871,0.9101,0.2189,0.1125,0.0897
1471287960,0.7854,0.889,0.9058,0.2144,0.1106,0.0941
1471282980,0.7847,0.8881,0.9026,0.215,0.1116,0.0972
1471273860,0.7828,0.8899,0.9061,0.217,0.1095,0.0938
1471261980,0.7885,0.8902,0.9135,0.2113,0.1095,0.0864
1471224300,0.7865,0.89185,0.9051,0.21325,0.10775,0.09475
1471221060,0.79235,0.89585,0.91725,0.2074,0.1036,0.08265
1471190100,0.786,0.88835,0.92425,0.21365,0.11115,0.0755
1471098060,0.77605,0.87785,0.9076,0.2237,0.12175,0.0921
1471023120,0.7689,0.8749,0.8893,0.2309,0.1247,0.1105
1471017840,0.7733,0.8713,0.9014,0.2265,0.1283,0.0983
1471004880,0.77115,0.8728,0.88915,0.2286,0.12675,0.1106
1470968700,0.7662,0.8632,0.88275,0.23365,0.13635,0.1171
1470951360,0.77055,0.8697,0.87955,0.22925,0.1299,0.12015
1470942660,0.7611,0.8619,0.8873,0.2387,0.1377,0.11235
1470939420,0.76235,0.8606,0.8883,0.2374,0.13905,0.11145
1470934920,0.761,0.86315,0.88935,0.23875,0.1364,0.1103
1470933360,0.7612,0.86625,0.88865,0.2386,0.13325,0.111
1470930000,0.7616,0.8635,0.88895,0.2382,0.13605,0.11075
1470923220,0.75715,0.8632,0.87925,0.24255,0.13645,0.1205
1470916860,0.74825,0.84705,0.8721,0.2515,0.15255,0.12755
1470866580,0.75395,0.8517,0.86825,0.24585,0.14785,0.13145
1470856980,0.75065,0.85135,0.8661,0.2492,0.14825,0.13365
1470851940,0.74825,0.8504,0.8656,0.2515,0.1492,0.1341
1470843300,0.7476,0.84725,0.8584,0.25215,0.15235,0.1414
1470833700,0.74875,0.84675,0.86285,0.25105,0.1529,0.13685
1470785100,0.7891,0.87615,0.93945,0.21065,0.12345,0.0602
1470779580,0.79145,0.87735,0.93885,0.20835,0.12225,0.0609
1470770940,0.79295,0.8772,0.947,0.2069,0.1225,0.05275
1470764640,0.78595,0.871,0.9485,0.21385,0.12865,0.0513
1470755460,0.7919,0.87495,0.95505,0.208,0.1247,0.04475
1470752640,0.7935,0.87855,0.95655,0.2064,0.1211,0.0433
1470749340,0.79335,0.8737,0.95865,0.20645,0.12605,0.0412
1470701160,0.7946,0.8753,0.9644,0.20525,0.12445,0.0355
1470683220,0.78265,0.8651,0.95285,0.21725,0.13465,0.04705
1470678000,0.78655,0.8659,0.9538,0.2133,0.13385,0.04605
1470674940,0.7576,0.83045,0.90795,0.24225,0.16925,0.09195
1470673320,0.7546,0.8299,0.9086,0.2453,0.16985,0.09125
1470671760,0.75615,0.82895,0.90695,0.2437,0.1708,0.09295
1470670140,0.7635,0.8366,0.9228,0.2364,0.1632,0.0771
1470667620,0.76115,0.83635,0.91745,0.2387,0.1634,0.08245
1470666060,0.759,0.8318,0.91685,0.24085,0.168,0.08305
1470658020,0.7603,0.8335,0.9185,0.23955,0.16625,0.0814
1470594300,0.76,0.83135,0.91555,0.2399,0.16845,0.08435
1470569040,0.7609,0.8344,0.91035,0.239,0.1653,0.08955
1470550680,0.75045,0.8187,0.90735,0.2494,0.1811,0.09245
1470500820,0.74925,0.81525,0.9146,0.25055,0.1845,0.0853
1470426660,0.7468,0.8153,0.91675,0.25305,0.1844,0.0831
1470423900,0.7537,0.81485,0.92455,0.24615,0.18485,0.07535
1470419280,0.74755,0.80955,0.9214,0.2523,0.1901,0.07845
1470401400,0.75355,0.81675,0.9285,0.24635,0.183,0.0714
1470350520,0.74415,0.79905,0.91525,0.25565,0.20075,0.08465
1470348960,0.7416,0.798,0.92435,0.2583,0.2017,0.0755
1470334260,0.73265,0.78415,0.9169,0.26725,0.2156,0.083
1470329040,0.7257,0.77675,0.9116,0.2742,0.22305,0.0883
1470326700,0.7279,0.777,0.91785,0.27195,0.22275,0.08205
1470318000,0.7257,0.7769,0.91565,0.27415,0.2229,0.08425
1470316500,0.7171,0.75895,0.89585,0.28275,0.24085,0.10405
1470263520,0.6941,0.73225,0.8864,0.30575,0.26745,0.1134
1470258840,0.6798,0.70385,0.8582,0.32005,0.2959,0.1417
1470254700,0.67435,0.70095,0.8565,0.3255,0.29885,0.1434
1470250740,0.6719,0.6967,0.85315,0.32795,0.30305,0.1467
1470231180,0.66495,0.68355,0.8499,0.3349,0.3161,0.14995
1470174180,0.6643,0.6795,0.8588,0.3356,0.3203,0.14105
1470166080,0.65765,0.66255,0.83685,0.3422,0.33715,0.163
1470159240,0.65425,0.661,0.8346,0.3456,0.3388,0.1653
1470143160,0.6901,0.65995,0.8348,0.30975,0.33975,0.16505
1470103080,0.6803,0.6483,0.83835,0.3195,0.35135,0.1615
1470088200,0.6772,0.6326,0.82245,0.32265,0.36715,0.17745
1470085200,0.668,0.6032,0.7832,0.33185,0.39655,0.2167
1470079560,0.62525,0.54205,0.65445,0.37455,0.45755,0.34545
1470055560,0.6184,0.5328,0.63625,0.3814,0.4669,0.3636
1469970120,0.6085,0.5098,0.5677,0.39135,0.48985,0.4322
1469938800,0.5992,0.4995,0.52675,0.40065,0.5002,0.47315
1469903760,0.61125,0.50915,0.51735,0.38865,0.4905,0.48255
1469898600,0.61735,0.51735,0.54365,0.38245,0.4823,0.4562
1469846280,0.61705,0.5282,0.48045,0.3828,0.47135,0.5194
1469801700,0.61675,0.53285,0.4839,0.38305,0.4667,0.5159
1469724420,0.61725,0.53575,0.47025,0.38255,0.46385,0.52955
1469722740,0.614,0.53125,0.45125,0.38575,0.46825,0.54855
1469713980,0.61295,0.5328,0.44635,0.38685,0.46685,0.55345
1469709720,0.6009,0.5259,0.42595,0.39895,0.47365,0.5738
1469660760,0.6017,0.52605,0.4463,0.3981,0.47345,0.55355
1469657700,0.597,0.52215,0.44525,0.4028,0.47735,0.5546
1469622420,0.60075,0.52445,0.4468,0.39905,0.4751,0.55305
1469612160,0.6013,0.5273,0.45,0.39855,0.4723,0.5498
1469583720,0.59815,0.52435,0.4503,0.4016,0.4753,0.5495
1469541960,0.59615,0.5316,0.4576,0.4036,0.46805,0.54225
1469537880,0.59515,0.53155,0.4593,0.4047,0.46795,0.5405
1469491500,0.5953,0.5388,0.4619,0.40455,0.46075,0.538
1469484240,0.59015,0.53,0.4443,0.40965,0.46965,0.55555
1469482500,0.5875,0.53425,0.44515,0.41235,0.46535,0.5546
1469479680,0.5895,0.53285,0.4404,0.4103,0.4667,0.55945
1469474460,0.58665,0.53885,0.45495,0.41315,0.46065,0.5449
1469461140,0.57815,0.5346,0.4328,0.42165,0.46485,0.56705
1469450460,0.5824,0.53725,0.42485,0.41735,0.46235,0.5749
1469373900,0.60415,0.5829,0.5598,0.3956,0.41655,0.44005
1469348460,0.60195,0.58285,0.5574,0.39785,0.41665,0.4423
1469293440,0.5975,0.5766,0.54285,0.40225,0.4228,0.457
1469285340,0.6033,0.5913,0.6065,0.39645,0.4081,0.3932
1469228700,0.5949,0.58545,0.6061,0.40485,0.4139,0.3936
1469209980,0.60035,0.59705,0.66195,0.39945,0.40245,0.3378
1469189400,0.5979,0.60225,0.64195,0.40185,0.39715,0.35775
1469142000,0.59875,0.6021,0.63295,0.40105,0.3974,0.3668
1469119740,0.60525,0.6102,0.64545,0.3945,0.3893,0.35425
1469113020,0.5992,0.60265,0.64205,0.40055,0.3969,0.35775
1469109720,0.603,0.6058,0.67575,0.3968,0.3937,0.324
1469103720,0.60695,0.61385,0.6438,0.39285,0.3856,0.35595
1469016660,0.61205,0.6177,0.6463,0.3877,0.3817,0.35345
1468965660,0.6062,0.6133,0.6224,0.39355,0.3863,0.3774
1468959300,0.61835,0.62555,0.6173,0.38135,0.3738,0.38245
1468931100,0.6243,0.63475,0.6581,0.3755,0.3648,0.3417
1468929600,0.6304,0.6436,0.6742,0.36935,0.35595,0.3257
1468881360,0.6296,0.6418,0.6772,0.37015,0.35765,0.32265
1468877760,0.6277,0.6382,0.67245,0.3721,0.3614,0.32735
1468873200,0.63195,0.643,0.6512,0.3678,0.35655,0.3486
1468864440,0.628,0.64015,0.65075,0.3718,0.3593,0.34915
1468848480,0.6348,0.6527,0.6768,0.3649,0.34665,0.32285
1468844460,0.63165,0.65275,0.67155,0.36805,0.34635,0.3281
1468842960,0.63435,0.6493,0.6681,0.36525,0.35005,0.33135
1468797000,0.63285,0.65015,0.667,0.3669,0.34915,0.33235
1468770600,0.63315,0.65315,0.6661,0.3665,0.3461,0.33345
1468768740,0.63215,0.64865,0.67185,0.36755,0.35045,0.3277
1468696560,0.63305,0.648,0.6367,0.36675,0.3513,0.3629
1468694820,0.64195,0.6586,0.66485,0.35775,0.34075,0.33475
1468614600,0.6496,0.66665,0.67625,0.3502,0.3327,0.3234
1468601940,0.6272,0.64135,0.5464,0.37255,0.3582,0.4534
1468598700,0.6294,0.64535,0.54935,0.37045,0.35415,0.45045
1468586280,0.6225,0.6446,0.54895,0.37725,0.3549,0.45085
1468558260,0.64075,0.66815,0.56955,0.359,0.33135,0.4303
1468503780,0.6328,0.66205,0.5385,0.36695,0.33735,0.46125
1468502280,0.6302,0.6606,0.5376,0.3696,0.3389,0.46215
1468498140,0.6716,0.70795,0.69575,0.32815,0.29155,0.3041
1468449120,0.67055,0.7096,0.6923,0.3292,0.28995,0.3075
1468446060,0.67205,0.70555,0.68635,0.32775,0.29395,0.3135
1468433040,0.66965,0.7073,0.6829,0.3302,0.29225,0.3169
1468420080,0.68695,0.72575,0.70895,0.31285,0.2738,0.2908
1468351080,0.7288,0.7743,0.8155,0.27105,0.22525,0.1843
1468344840,0.72485,0.76605,0.7623,0.27495,0.23325,0.23745
1468331580,0.7218,0.76785,0.7655,0.27805,0.2316,0.2342
1468271460,0.7242,0.77185,0.79075,0.27565,0.2278,0.209
1468266720,0.72915,0.77585,0.8052,0.2706,0.22365,0.19455
1468259940,0.73375,0.77635,0.80835,0.26605,0.2232,0.19135
1468257660,0.7332,0.77485,0.80805,0.2666,0.22475,0.1918
1468250460,0.734,0.78125,0.82075,0.2659,0.2183,0.1791
1468012800,0.7307,0.77965,0.829,0.2691,0.22,0.1708
1467994440,0.7277,0.77805,0.79995,0.2721,0.2215,0.1998
1467989100,0.72385,0.7738,0.7936,0.2759,0.22575,0.2062
1467918180,0.7201,0.77585,0.78735,0.27975,0.2237,0.2125
1467914340,0.71705,0.7737,0.7871,0.28275,0.2259,0.2127
1467907260,0.718,0.77415,0.7857,0.2819,0.22545,0.2141
1467897900,0.7171,0.77635,0.79535,0.2827,0.22315,0.2045
1467820200,0.71585,0.77535,0.7975,0.28395,0.2242,0.2024
1467755880,0.7144,0.77535,0.78515,0.28545,0.2242,0.21465
1467750600,0.71535,0.7728,0.7127,0.28445,0.22675,0.2871
1467726480,0.717,0.77195,0.7501,0.2828,0.22765,0.24975
1467663660,0.71885,0.7758,0.76625,0.28095,0.2237,0.23355
